"Contas de asignación da renda primaria e distribución secundaria da renda por concellos. Revisión Estatística 2024. Serie 2010-2023";""
"";""
"Unidade: miles de euros";""
"Variables en filas: Tempo, Espazo";""
"Variables en columnas: Variables";""
"";"B.6 Renda dispoñible bruta"
"2010";""
"15006 Arzúa";"76.841"
"15010 Boimorto";"23.137"
"15066 Pino, O";"56.207"
"15085 Touro";"41.666"
"15011 Boiro";"226.565"
"15067 Pobra do Caramiñal, A";"120.505"
"15072 Rianxo";"138.855"
"15073 Ribeira";"299.850"
"15007 Baña, A";"41.444"
"15056 Negreira";"85.744"
"15014 Cabana de Bergantiños";"54.568"
"15019 Carballo";"377.317"
"15029 Coristanco";"76.564"
"15041 Laracha, A";"135.970"
"15040 Laxe";"37.537"
"15043 Malpica de Bergantiños";"71.886"
"15068 Ponteceso";"69.160"
"15003 Aranga";"24.467"
"15009 Betanzos";"196.703"
"15026 Cesuras";"26.968"
"15027 Coirós";"21.882"
"15032 Curtis";"56.032"
"15039 Irixoa";"18.411"
"15048 Miño";"87.242"
"15063 Oza dos Ríos";"42.918"
"15902 Oza Cesuras";"-"
"15064 Paderne";"34.346"
"15091 Vilarmaior";"15.617"
"15090 Vilasantar";"16.828"
"15001 Abegondo";"77.038"
"15005 Arteixo";"398.970"
"15008 Bergondo";"109.386"
"15017 Cambre";"351.507"
"15021 Carral";"84.736"
"15030 Coruña, A";"4.382.096"
"15031 Culleredo";"461.412"
"15058 Oleiros";"647.114"
"15075 Sada";"228.635"
"15015 Cabanas";"51.231"
"15018 Capela, A";"20.870"
"15050 Monfero";"24.463"
"15069 Pontedeume";"128.437"
"15070 Pontes de García Rodríguez, As";"181.303"
"15004 Ares";"79.095"
"15022 Cedeira";"91.578"
"15035 Fene";"193.772"
"15036 Ferrol";"1.069.081"
"15049 Moeche";"15.457"
"15051 Mugardos";"71.990"
"15054 Narón";"512.252"
"15055 Neda";"76.322"
"15076 San Sadurniño";"38.844"
"15081 Somozas, As";"17.028"
"15087 Valdoviño";"95.096"
"15023 Cee";"95.441"
"15028 Corcubión";"25.720"
"15034 Dumbría";"36.271"
"15037 Fisterra";"47.869"
"15052 Muxía";"53.540"
"15020 Carnota";"51.008"
"15053 Muros";"102.865"
"15042 Lousame";"36.536"
"15057 Noia";"188.350"
"15062 Outes";"80.675"
"15071 Porto do Son, O";"108.587"
"15024 Cerceda";"62.687"
"15038 Frades";"31.055"
"15047 Mesía";"30.827"
"15059 Ordes";"157.477"
"15060 Oroso";"91.578"
"15084 Tordoia";"41.001"
"15086 Trazo";"37.769"
"15901 Cariño";"50.638"
"15025 Cerdido";"15.961"
"15044 Mañón";"18.589"
"15061 Ortigueira";"88.831"
"15002 Ames";"440.540"
"15012 Boqueixón";"50.926"
"15013 Brión";"101.469"
"15078 Santiago de Compostela";"1.699.696"
"15082 Teo";"312.075"
"15088 Val do Dubra";"50.311"
"15089 Vedra";"63.376"
"15033 Dodro";"33.208"
"15065 Padrón";"107.104"
"15074 Rois";"55.488"
"15046 Melide";"85.208"
"15079 Santiso";"18.931"
"15080 Sobrado";"20.064"
"15083 Toques";"11.038"
"15016 Camariñas";"58.745"
"15092 Vimianzo";"88.737"
"15093 Zas";"60.017"
"15045 Mazaricos";"48.539"
"15077 Santa Comba";"113.999"
"27901 Baralla";"30.863"
"27006 Becerreá";"36.524"
"27012 Cervantes";"16.638"
"27034 Navia de Suarna";"15.900"
"27037 Nogais, As";"13.448"
"27045 Pedrafita do Cebreiro";"14.578"
"27009 Carballedo";"29.136"
"27016 Chantada";"110.957"
"27060 Taboada";"37.071"
"27004 Baleira";"16.285"
"27018 Fonsagrada, A";"52.189"
"27035 Negueira de Muñiz";"1.524"
"27011 Castroverde";"31.666"
"27014 Corgo, O";"45.036"
"27020 Friol";"44.244"
"27023 Guntín";"31.537"
"27028 Lugo";"1.595.671"
"27039 Outeiro de Rei";"60.000"
"27049 Portomarín";"19.649"
"27056 Rábade";"20.778"
"27002 Alfoz do Castrodouro";"23.223"
"27902 Burela";"127.881"
"27019 Foz";"139.683"
"27027 Lourenzá";"32.637"
"27030 Mondoñedo";"53.671"
"27063 Valadouro, O";"27.079"
"27013 Cervo";"64.822"
"27038 Ourol";"13.290"
"27064 Vicedo, O";"23.359"
"27066 Viveiro";"221.763"
"27025 Xove";"44.246"
"27005 Barreiros";"42.407"
"27048 Pontenova, A";"34.881"
"27051 Ribadeo";"141.434"
"27061 Trabada";"15.817"
"27029 Meira";"24.837"
"27046 Pol";"19.841"
"27053 Ribeira de Piquín, A";"7.134"
"27054 Riotorto";"16.962"
"27017 Folgoso do Courel";"11.789"
"27050 Quiroga";"41.904"
"27052 Ribas de Sil";"12.472"
"27024 Incio, O";"21.588"
"27026 Láncara";"30.847"
"27042 Paradela";"20.709"
"27043 Páramo, O";"14.771"
"27055 Samos";"17.523"
"27057 Sarria";"173.570"
"27062 Triacastela";"8.356"
"27001 Abadín";"32.671"
"27007 Begonte";"36.671"
"27010 Castro de Rei";"58.453"
"27015 Cospeito";"56.913"
"27022 Guitiriz";"70.548"
"27033 Muras";"9.068"
"27044 Pastoriza";"40.361"
"27065 Vilalba";"190.728"
"27021 Xermade";"28.510"
"27008 Bóveda";"17.704"
"27031 Monforte de Lemos";"240.955"
"27041 Pantón";"29.723"
"27047 Pobra do Brollón, A";"20.454"
"27058 Saviñao, O";"46.916"
"27059 Sober";"25.797"
"27003 Antas de Ulla";"22.106"
"27032 Monterroso";"46.496"
"27040 Palas de Rei";"41.397"
"32001 Allariz";"74.337"
"32007 Baños de Molgas";"18.654"
"32043 Maceda";"35.174"
"32055 Paderne de Allariz";"15.953"
"32036 Xunqueira de Ambía";"17.145"
"32037 Xunqueira de Espadanedo";"8.828"
"32006 Bande";"23.068"
"32030 Entrimo";"12.592"
"32041 Lobeira";"8.966"
"32042 Lobios";"20.739"
"32051 Muíños";"14.590"
"32011 Beariz";"9.743"
"32013 Boborás";"24.992"
"32019 Carballiño, O";"173.020"
"32035 Irixo, O";"16.892"
"32045 Maside";"30.383"
"32061 Piñor";"14.431"
"32065 Punxín";"8.309"
"32074 San Amaro";"11.957"
"32076 San Cristovo de Cea";"25.340"
"32005 Baltar";"10.645"
"32012 Blancos, Os";"8.717"
"32016 Calvos de Randín";"9.338"
"32062 Porqueira";"8.249"
"32067 Rairiz de Veiga";"15.883"
"32077 Sandiás";"15.082"
"32078 Sarreaus";"13.068"
"32082 Trasmiras";"13.171"
"32089 Vilar de Barrio";"15.018"
"32090 Vilar de Santos";"9.669"
"32032 Xinzo de Limia";"120.439"
"32002 Amoeiro";"27.759"
"32008 Barbadás";"113.044"
"32026 Coles";"36.617"
"32031 Esgos";"11.969"
"32052 Nogueira de Ramuín";"25.151"
"32054 Ourense";"1.760.215"
"32058 Pereiro de Aguiar, O";"75.401"
"32059 Peroxa, A";"20.333"
"32075 San Cibrao das Viñas";"56.442"
"32079 Taboadela";"16.699"
"32081 Toén";"26.704"
"32087 Vilamarín";"19.146"
"32003 Arnoia, A";"11.726"
"32004 Avión";"19.226"
"32010 Beade";"5.062"
"32018 Carballeda de Avia";"13.965"
"32022 Castrelo de Miño";"18.678"
"32025 Cenlle";"14.993"
"32027 Cortegada";"12.916"
"32040 Leiro";"18.095"
"32046 Melón";"13.889"
"32069 Ribadavia";"67.313"
"32023 Castro de Caldelas, O";"19.007"
"32049 Montederramo";"9.542"
"32057 Parada de Sil";"4.948"
"32080 Teixeira, A";"5.190"
"32014 Bola, A";"13.082"
"32020 Cartelle";"29.758"
"32024 Celanova";"72.847"
"32033 Gomesende";"9.041"
"32047 Merca, A";"23.893"
"32056 Padrenda";"17.920"
"32064 Pontedeva";"5.295"
"32066 Quintela de Leirado";"7.614"
"32068 Ramirás";"17.853"
"32084 Verea";"11.616"
"32029 Chandrexa de Queixa";"6.003"
"32044 Manzaneda";"10.665"
"32063 Pobra de Trives, A";"31.755"
"32070 San Xoán de Río";"8.078"
"32009 Barco de Valdeorras, O";"203.742"
"32015 Bolo, O";"13.265"
"32017 Carballeda de Valdeorras";"20.336"
"32038 Larouco";"6.584"
"32060 Petín";"12.261"
"32072 Rúa, A";"58.318"
"32073 Rubiá";"17.589"
"32083 Veiga, A";"12.415"
"32088 Vilamartín de Valdeorras";"21.082"
"32021 Castrelo do Val";"9.765"
"32028 Cualedro";"17.022"
"32039 Laza";"15.198"
"32050 Monterrei";"25.552"
"32053 Oímbra";"14.591"
"32071 Riós, O";"17.389"
"32085 Verín";"163.141"
"32091 Vilardevós";"19.893"
"32034 Gudiña, A";"15.989"
"32048 Mezquita, A";"12.383"
"32086 Viana do Bolo";"37.127"
"32092 Vilariño de Conso";"6.287"
"36023 Guarda, A";"125.359"
"36036 Oia";"37.511"
"36048 Rosal, O";"75.825"
"36054 Tomiño";"150.844"
"36055 Tui";"209.715"
"36005 Caldas de Reis";"115.627"
"36010 Catoira";"38.639"
"36015 Cuntis";"57.776"
"36032 Moraña";"46.860"
"36044 Pontecesures";"38.611"
"36040 Portas";"32.429"
"36056 Valga";"63.034"
"36030 Mondariz";"49.237"
"36031 Mondariz Balneario";"9.471"
"36034 Neves, As";"40.144"
"36042 Ponteareas";"263.271"
"36050 Salvaterra de Miño";"105.757"
"36020 Agolada";"29.014"
"36016 Dozón";"12.024"
"36024 Lalín";"243.906"
"36047 Rodeiro";"33.274"
"36052 Silleda";"111.188"
"36059 Vila de Cruces";"65.366"
"36004 Bueu";"148.502"
"36008 Cangas de Morrazo";"325.325"
"36026 Marín";"296.281"
"36029 Moaña";"231.801"
"36001 Arbo";"33.497"
"36009 Caniza, A";"56.291"
"36013 Covelo";"24.249"
"36014 Crecente";"21.898"
"36002 Barro";"42.956"
"36007 Campo Lameiro, O";"20.219"
"36902 Cerdedo Cotobade";"-"
"36012 Cotobade";"45.783"
"36025 Lama, A";"22.423"
"36041 Poio";"234.960"
"36043 Ponte Caldelas";"61.345"
"36038 Pontevedra";"1.289.097"
"36058 Vilaboa";"73.706"
"36006 Cambados";"184.804"
"36022 Grove, O";"145.508"
"36901 Illa de Arousa, A";"63.195"
"36027 Meaño";"63.253"
"36028 Meis";"56.084"
"36046 Ribadumia";"58.613"
"36051 Sanxenxo";"237.718"
"36060 Vilagarcía de Arousa";"475.932"
"36061 Vilanova de Arousa";"123.308"
"36011 Cerdedo";"16.407"
"36017 Estrada, A";"251.387"
"36018 Forcarei";"41.811"
"36003 Baiona";"170.738"
"36019 Fornelos de Montes";"17.407"
"36021 Gondomar";"193.482"
"36033 Mos";"185.066"
"36035 Nigrán";"270.850"
"36037 Pazos de Borbén";"31.802"
"36039 Porriño, O";"229.579"
"36045 Redondela";"395.941"
"36049 Salceda de Caselas";"102.267"
"36053 Soutomaior";"88.980"
"36057 Vigo";"4.528.203"
"2011";""
"15006 Arzúa";"77.632"
"15010 Boimorto";"23.577"
"15066 Pino, O";"56.253"
"15085 Touro";"41.415"
"15011 Boiro";"226.729"
"15067 Pobra do Caramiñal, A";"118.124"
"15072 Rianxo";"136.948"
"15073 Ribeira";"301.842"
"15007 Baña, A";"41.180"
"15056 Negreira";"82.731"
"15014 Cabana de Bergantiños";"53.162"
"15019 Carballo";"373.223"
"15029 Coristanco";"73.878"
"15041 Laracha, A";"132.499"
"15040 Laxe";"36.608"
"15043 Malpica de Bergantiños";"72.022"
"15068 Ponteceso";"68.162"
"15003 Aranga";"24.094"
"15009 Betanzos";"193.945"
"15026 Cesuras";"25.738"
"15027 Coirós";"22.256"
"15032 Curtis";"55.031"
"15039 Irixoa";"18.412"
"15048 Miño";"87.682"
"15063 Oza dos Ríos";"41.472"
"15902 Oza Cesuras";"-"
"15064 Paderne";"35.268"
"15091 Vilarmaior";"16.349"
"15090 Vilasantar";"16.927"
"15001 Abegondo";"74.177"
"15005 Arteixo";"393.726"
"15008 Bergondo";"112.783"
"15017 Cambre";"343.440"
"15021 Carral";"84.541"
"15030 Coruña, A";"4.409.545"
"15031 Culleredo";"455.564"
"15058 Oleiros";"784.048"
"15075 Sada";"222.898"
"15015 Cabanas";"49.951"
"15018 Capela, A";"20.267"
"15050 Monfero";"23.913"
"15069 Pontedeume";"120.172"
"15070 Pontes de García Rodríguez, As";"181.199"
"15004 Ares";"78.997"
"15022 Cedeira";"94.100"
"15035 Fene";"191.118"
"15036 Ferrol";"1.051.413"
"15049 Moeche";"15.753"
"15051 Mugardos";"71.643"
"15054 Narón";"509.765"
"15055 Neda";"75.285"
"15076 San Sadurniño";"38.524"
"15081 Somozas, As";"17.513"
"15087 Valdoviño";"95.086"
"15023 Cee";"95.792"
"15028 Corcubión";"23.880"
"15034 Dumbría";"33.917"
"15037 Fisterra";"47.505"
"15052 Muxía";"52.126"
"15020 Carnota";"50.047"
"15053 Muros";"101.776"
"15042 Lousame";"35.295"
"15057 Noia";"186.690"
"15062 Outes";"82.153"
"15071 Porto do Son, O";"108.048"
"15024 Cerceda";"62.728"
"15038 Frades";"31.314"
"15047 Mesía";"31.476"
"15059 Ordes";"153.984"
"15060 Oroso";"90.834"
"15084 Tordoia";"42.674"
"15086 Trazo";"36.967"
"15901 Cariño";"50.652"
"15025 Cerdido";"15.040"
"15044 Mañón";"18.618"
"15061 Ortigueira";"89.392"
"15002 Ames";"435.656"
"15012 Boqueixón";"50.224"
"15013 Brión";"96.743"
"15078 Santiago de Compostela";"1.674.717"
"15082 Teo";"307.305"
"15088 Val do Dubra";"48.819"
"15089 Vedra";"62.676"
"15033 Dodro";"32.100"
"15065 Padrón";"104.987"
"15074 Rois";"54.196"
"15046 Melide";"86.813"
"15079 Santiso";"17.769"
"15080 Sobrado";"20.246"
"15083 Toques";"11.196"
"15016 Camariñas";"58.595"
"15092 Vimianzo";"88.008"
"15093 Zas";"59.180"
"15045 Mazaricos";"46.860"
"15077 Santa Comba";"109.061"
"27901 Baralla";"31.229"
"27006 Becerreá";"36.167"
"27012 Cervantes";"16.351"
"27034 Navia de Suarna";"15.862"
"27037 Nogais, As";"13.322"
"27045 Pedrafita do Cebreiro";"13.940"
"27009 Carballedo";"29.649"
"27016 Chantada";"107.834"
"27060 Taboada";"36.571"
"27004 Baleira";"16.125"
"27018 Fonsagrada, A";"50.828"
"27035 Negueira de Muñiz";"1.556"
"27011 Castroverde";"31.701"
"27014 Corgo, O";"43.827"
"27020 Friol";"43.184"
"27023 Guntín";"31.639"
"27028 Lugo";"1.579.793"
"27039 Outeiro de Rei";"60.368"
"27049 Portomarín";"19.798"
"27056 Rábade";"20.168"
"27002 Alfoz do Castrodouro";"22.381"
"27902 Burela";"132.160"
"27019 Foz";"138.479"
"27027 Lourenzá";"35.287"
"27030 Mondoñedo";"54.178"
"27063 Valadouro, O";"26.929"
"27013 Cervo";"63.733"
"27038 Ourol";"13.326"
"27064 Vicedo, O";"24.113"
"27066 Viveiro";"218.001"
"27025 Xove";"43.846"
"27005 Barreiros";"42.624"
"27048 Pontenova, A";"35.712"
"27051 Ribadeo";"136.673"
"27061 Trabada";"16.092"
"27029 Meira";"24.531"
"27046 Pol";"19.155"
"27053 Ribeira de Piquín, A";"6.815"
"27054 Riotorto";"17.028"
"27017 Folgoso do Courel";"12.072"
"27050 Quiroga";"42.478"
"27052 Ribas de Sil";"11.959"
"27024 Incio, O";"25.886"
"27026 Láncara";"31.533"
"27042 Paradela";"20.717"
"27043 Páramo, O";"15.509"
"27055 Samos";"17.345"
"27057 Sarria";"170.840"
"27062 Triacastela";"7.687"
"27001 Abadín";"32.813"
"27007 Begonte";"35.729"
"27010 Castro de Rei";"58.489"
"27015 Cospeito";"57.634"
"27022 Guitiriz";"67.431"
"27033 Muras";"8.806"
"27044 Pastoriza";"39.822"
"27065 Vilalba";"189.660"
"27021 Xermade";"28.960"
"27008 Bóveda";"18.091"
"27031 Monforte de Lemos";"243.040"
"27041 Pantón";"29.823"
"27047 Pobra do Brollón, A";"20.737"
"27058 Saviñao, O";"46.191"
"27059 Sober";"25.061"
"27003 Antas de Ulla";"23.069"
"27032 Monterroso";"45.693"
"27040 Palas de Rei";"41.215"
"32001 Allariz";"76.226"
"32007 Baños de Molgas";"18.277"
"32043 Maceda";"33.440"
"32055 Paderne de Allariz";"16.475"
"32036 Xunqueira de Ambía";"17.296"
"32037 Xunqueira de Espadanedo";"8.858"
"32006 Bande";"22.514"
"32030 Entrimo";"12.292"
"32041 Lobeira";"8.084"
"32042 Lobios";"21.885"
"32051 Muíños";"14.395"
"32011 Beariz";"9.809"
"32013 Boborás";"24.879"
"32019 Carballiño, O";"172.474"
"32035 Irixo, O";"15.917"
"32045 Maside";"29.443"
"32061 Piñor";"13.966"
"32065 Punxín";"8.211"
"32074 San Amaro";"11.488"
"32076 San Cristovo de Cea";"24.966"
"32005 Baltar";"10.908"
"32012 Blancos, Os";"8.036"
"32016 Calvos de Randín";"9.397"
"32062 Porqueira";"7.856"
"32067 Rairiz de Veiga";"14.741"
"32077 Sandiás";"14.232"
"32078 Sarreaus";"11.670"
"32082 Trasmiras";"12.709"
"32089 Vilar de Barrio";"15.364"
"32090 Vilar de Santos";"8.761"
"32032 Xinzo de Limia";"115.112"
"32002 Amoeiro";"28.519"
"32008 Barbadás";"116.032"
"32026 Coles";"34.414"
"32031 Esgos";"11.755"
"32052 Nogueira de Ramuín";"25.570"
"32054 Ourense";"1.782.310"
"32058 Pereiro de Aguiar, O";"74.361"
"32059 Peroxa, A";"19.796"
"32075 San Cibrao das Viñas";"56.407"
"32079 Taboadela";"16.796"
"32081 Toén";"27.260"
"32087 Vilamarín";"19.007"
"32003 Arnoia, A";"11.763"
"32004 Avión";"18.498"
"32010 Beade";"4.875"
"32018 Carballeda de Avia";"13.569"
"32022 Castrelo de Miño";"18.653"
"32025 Cenlle";"14.800"
"32027 Cortegada";"12.816"
"32040 Leiro";"18.467"
"32046 Melón";"13.700"
"32069 Ribadavia";"66.237"
"32023 Castro de Caldelas, O";"18.499"
"32049 Montederramo";"9.969"
"32057 Parada de Sil";"4.805"
"32080 Teixeira, A";"5.054"
"32014 Bola, A";"12.716"
"32020 Cartelle";"28.200"
"32024 Celanova";"74.900"
"32033 Gomesende";"9.010"
"32047 Merca, A";"23.777"
"32056 Padrenda";"18.020"
"32064 Pontedeva";"5.346"
"32066 Quintela de Leirado";"7.404"
"32068 Ramirás";"18.446"
"32084 Verea";"11.094"
"32029 Chandrexa de Queixa";"5.906"
"32044 Manzaneda";"10.825"
"32063 Pobra de Trives, A";"31.423"
"32070 San Xoán de Río";"7.974"
"32009 Barco de Valdeorras, O";"205.507"
"32015 Bolo, O";"13.036"
"32017 Carballeda de Valdeorras";"20.098"
"32038 Larouco";"6.843"
"32060 Petín";"12.470"
"32072 Rúa, A";"58.348"
"32073 Rubiá";"18.006"
"32083 Veiga, A";"11.974"
"32088 Vilamartín de Valdeorras";"20.910"
"32021 Castrelo do Val";"9.772"
"32028 Cualedro";"16.290"
"32039 Laza";"14.828"
"32050 Monterrei";"25.585"
"32053 Oímbra";"14.339"
"32071 Riós, O";"18.068"
"32085 Verín";"164.586"
"32091 Vilardevós";"19.615"
"32034 Gudiña, A";"16.009"
"32048 Mezquita, A";"12.480"
"32086 Viana do Bolo";"36.694"
"32092 Vilariño de Conso";"6.202"
"36023 Guarda, A";"123.763"
"36036 Oia";"40.637"
"36048 Rosal, O";"73.549"
"36054 Tomiño";"150.871"
"36055 Tui";"207.761"
"36005 Caldas de Reis";"112.081"
"36010 Catoira";"38.488"
"36015 Cuntis";"55.318"
"36032 Moraña";"45.205"
"36044 Pontecesures";"37.737"
"36040 Portas";"32.533"
"36056 Valga";"61.711"
"36030 Mondariz";"46.267"
"36031 Mondariz Balneario";"9.489"
"36034 Neves, As";"40.284"
"36042 Ponteareas";"256.481"
"36050 Salvaterra de Miño";"105.594"
"36020 Agolada";"28.331"
"36016 Dozón";"12.233"
"36024 Lalín";"232.117"
"36047 Rodeiro";"32.833"
"36052 Silleda";"110.292"
"36059 Vila de Cruces";"59.955"
"36004 Bueu";"149.322"
"36008 Cangas de Morrazo";"318.848"
"36026 Marín";"296.854"
"36029 Moaña";"231.450"
"36001 Arbo";"33.238"
"36009 Caniza, A";"55.185"
"36013 Covelo";"24.642"
"36014 Crecente";"22.156"
"36002 Barro";"41.331"
"36007 Campo Lameiro, O";"20.359"
"36902 Cerdedo Cotobade";"-"
"36012 Cotobade";"45.401"
"36025 Lama, A";"21.473"
"36041 Poio";"226.520"
"36043 Ponte Caldelas";"60.890"
"36038 Pontevedra";"1.276.740"
"36058 Vilaboa";"71.635"
"36006 Cambados";"179.336"
"36022 Grove, O";"140.566"
"36901 Illa de Arousa, A";"63.723"
"36027 Meaño";"59.512"
"36028 Meis";"55.163"
"36046 Ribadumia";"58.308"
"36051 Sanxenxo";"226.126"
"36060 Vilagarcía de Arousa";"472.197"
"36061 Vilanova de Arousa";"121.443"
"36011 Cerdedo";"16.815"
"36017 Estrada, A";"245.614"
"36018 Forcarei";"40.876"
"36003 Baiona";"170.437"
"36019 Fornelos de Montes";"17.227"
"36021 Gondomar";"185.427"
"36033 Mos";"179.989"
"36035 Nigrán";"284.935"
"36037 Pazos de Borbén";"31.738"
"36039 Porriño, O";"225.334"
"36045 Redondela";"389.593"
"36049 Salceda de Caselas";"100.204"
"36053 Soutomaior";"86.073"
"36057 Vigo";"4.476.625"
"2012";""
"15006 Arzúa";"74.524"
"15010 Boimorto";"21.604"
"15066 Pino, O";"55.063"
"15085 Touro";"39.334"
"15011 Boiro";"214.346"
"15067 Pobra do Caramiñal, A";"112.589"
"15072 Rianxo";"126.807"
"15073 Ribeira";"290.603"
"15007 Baña, A";"39.895"
"15056 Negreira";"79.611"
"15014 Cabana de Bergantiños";"49.763"
"15019 Carballo";"354.096"
"15029 Coristanco";"71.881"
"15041 Laracha, A";"130.029"
"15040 Laxe";"34.022"
"15043 Malpica de Bergantiños";"66.664"
"15068 Ponteceso";"64.111"
"15003 Aranga";"22.687"
"15009 Betanzos";"182.635"
"15026 Cesuras";"24.888"
"15027 Coirós";"21.227"
"15032 Curtis";"51.792"
"15039 Irixoa";"17.367"
"15048 Miño";"81.987"
"15063 Oza dos Ríos";"40.467"
"15902 Oza Cesuras";"-"
"15064 Paderne";"33.350"
"15091 Vilarmaior";"15.025"
"15090 Vilasantar";"15.978"
"15001 Abegondo";"71.331"
"15005 Arteixo";"380.312"
"15008 Bergondo";"102.901"
"15017 Cambre";"329.697"
"15021 Carral";"80.864"
"15030 Coruña, A";"4.109.209"
"15031 Culleredo";"431.508"
"15058 Oleiros";"665.657"
"15075 Sada";"212.714"
"15015 Cabanas";"48.156"
"15018 Capela, A";"18.729"
"15050 Monfero";"22.659"
"15069 Pontedeume";"106.709"
"15070 Pontes de García Rodríguez, As";"168.877"
"15004 Ares";"74.851"
"15022 Cedeira";"89.369"
"15035 Fene";"180.895"
"15036 Ferrol";"978.432"
"15049 Moeche";"14.728"
"15051 Mugardos";"65.915"
"15054 Narón";"486.892"
"15055 Neda";"72.041"
"15076 San Sadurniño";"36.960"
"15081 Somozas, As";"14.982"
"15087 Valdoviño";"91.217"
"15023 Cee";"90.684"
"15028 Corcubión";"22.547"
"15034 Dumbría";"32.516"
"15037 Fisterra";"43.640"
"15052 Muxía";"50.109"
"15020 Carnota";"46.659"
"15053 Muros";"95.628"
"15042 Lousame";"33.899"
"15057 Noia";"176.816"
"15062 Outes";"76.985"
"15071 Porto do Son, O";"101.943"
"15024 Cerceda";"62.041"
"15038 Frades";"27.815"
"15047 Mesía";"30.005"
"15059 Ordes";"148.319"
"15060 Oroso";"89.256"
"15084 Tordoia";"40.550"
"15086 Trazo";"35.444"
"15901 Cariño";"48.081"
"15025 Cerdido";"12.652"
"15044 Mañón";"17.794"
"15061 Ortigueira";"81.085"
"15002 Ames";"415.660"
"15012 Boqueixón";"48.414"
"15013 Brión";"95.966"
"15078 Santiago de Compostela";"1.576.925"
"15082 Teo";"283.205"
"15088 Val do Dubra";"47.972"
"15089 Vedra";"60.057"
"15033 Dodro";"29.778"
"15065 Padrón";"100.976"
"15074 Rois";"51.056"
"15046 Melide";"81.584"
"15079 Santiso";"16.981"
"15080 Sobrado";"19.676"
"15083 Toques";"10.872"
"15016 Camariñas";"56.083"
"15092 Vimianzo";"83.791"
"15093 Zas";"55.360"
"15045 Mazaricos";"46.654"
"15077 Santa Comba";"108.422"
"27901 Baralla";"28.401"
"27006 Becerreá";"34.684"
"27012 Cervantes";"15.566"
"27034 Navia de Suarna";"14.832"
"27037 Nogais, As";"12.781"
"27045 Pedrafita do Cebreiro";"13.640"
"27009 Carballedo";"27.265"
"27016 Chantada";"102.657"
"27060 Taboada";"35.904"
"27004 Baleira";"15.290"
"27018 Fonsagrada, A";"48.995"
"27035 Negueira de Muñiz";"1.530"
"27011 Castroverde";"29.691"
"27014 Corgo, O";"41.772"
"27020 Friol";"43.678"
"27023 Guntín";"29.895"
"27028 Lugo";"1.496.819"
"27039 Outeiro de Rei";"58.580"
"27049 Portomarín";"19.534"
"27056 Rábade";"19.555"
"27002 Alfoz do Castrodouro";"22.429"
"27902 Burela";"122.891"
"27019 Foz";"130.487"
"27027 Lourenzá";"30.109"
"27030 Mondoñedo";"50.703"
"27063 Valadouro, O";"24.921"
"27013 Cervo";"61.027"
"27038 Ourol";"12.027"
"27064 Vicedo, O";"21.695"
"27066 Viveiro";"209.061"
"27025 Xove";"42.275"
"27005 Barreiros";"38.364"
"27048 Pontenova, A";"32.534"
"27051 Ribadeo";"127.064"
"27061 Trabada";"14.336"
"27029 Meira";"23.703"
"27046 Pol";"19.377"
"27053 Ribeira de Piquín, A";"6.520"
"27054 Riotorto";"16.032"
"27017 Folgoso do Courel";"11.117"
"27050 Quiroga";"39.964"
"27052 Ribas de Sil";"11.257"
"27024 Incio, O";"19.934"
"27026 Láncara";"29.762"
"27042 Paradela";"20.824"
"27043 Páramo, O";"14.666"
"27055 Samos";"16.220"
"27057 Sarria";"161.564"
"27062 Triacastela";"7.514"
"27001 Abadín";"31.642"
"27007 Begonte";"33.930"
"27010 Castro de Rei";"55.574"
"27015 Cospeito";"54.450"
"27022 Guitiriz";"67.135"
"27033 Muras";"8.772"
"27044 Pastoriza";"37.393"
"27065 Vilalba";"180.879"
"27021 Xermade";"26.979"
"27008 Bóveda";"17.434"
"27031 Monforte de Lemos";"228.597"
"27041 Pantón";"27.725"
"27047 Pobra do Brollón, A";"19.666"
"27058 Saviñao, O";"44.885"
"27059 Sober";"23.909"
"27003 Antas de Ulla";"22.454"
"27032 Monterroso";"43.322"
"27040 Palas de Rei";"41.059"
"32001 Allariz";"74.078"
"32007 Baños de Molgas";"18.150"
"32043 Maceda";"32.314"
"32055 Paderne de Allariz";"15.720"
"32036 Xunqueira de Ambía";"17.074"
"32037 Xunqueira de Espadanedo";"8.000"
"32006 Bande";"21.019"
"32030 Entrimo";"12.010"
"32041 Lobeira";"7.878"
"32042 Lobios";"19.274"
"32051 Muíños";"14.186"
"32011 Beariz";"9.195"
"32013 Boborás";"22.867"
"32019 Carballiño, O";"164.833"
"32035 Irixo, O";"14.968"
"32045 Maside";"28.454"
"32061 Piñor";"13.529"
"32065 Punxín";"7.881"
"32074 San Amaro";"11.027"
"32076 San Cristovo de Cea";"23.546"
"32005 Baltar";"10.232"
"32012 Blancos, Os";"7.575"
"32016 Calvos de Randín";"9.092"
"32062 Porqueira";"7.878"
"32067 Rairiz de Veiga";"14.504"
"32077 Sandiás";"14.239"
"32078 Sarreaus";"12.000"
"32082 Trasmiras";"13.111"
"32089 Vilar de Barrio";"15.039"
"32090 Vilar de Santos";"8.569"
"32032 Xinzo de Limia";"114.465"
"32002 Amoeiro";"26.024"
"32008 Barbadás";"113.755"
"32026 Coles";"33.901"
"32031 Esgos";"10.910"
"32052 Nogueira de Ramuín";"23.883"
"32054 Ourense";"1.633.135"
"32058 Pereiro de Aguiar, O";"73.388"
"32059 Peroxa, A";"19.060"
"32075 San Cibrao das Viñas";"56.245"
"32079 Taboadela";"17.112"
"32081 Toén";"25.934"
"32087 Vilamarín";"18.004"
"32003 Arnoia, A";"10.489"
"32004 Avión";"17.512"
"32010 Beade";"4.197"
"32018 Carballeda de Avia";"12.569"
"32022 Castrelo de Miño";"16.745"
"32025 Cenlle";"13.447"
"32027 Cortegada";"11.642"
"32040 Leiro";"16.828"
"32046 Melón";"12.339"
"32069 Ribadavia";"61.028"
"32023 Castro de Caldelas, O";"17.074"
"32049 Montederramo";"9.712"
"32057 Parada de Sil";"4.691"
"32080 Teixeira, A";"4.738"
"32014 Bola, A";"11.847"
"32020 Cartelle";"28.717"
"32024 Celanova";"70.878"
"32033 Gomesende";"8.858"
"32047 Merca, A";"23.194"
"32056 Padrenda";"17.618"
"32064 Pontedeva";"5.097"
"32066 Quintela de Leirado";"7.062"
"32068 Ramirás";"17.581"
"32084 Verea";"10.970"
"32029 Chandrexa de Queixa";"5.704"
"32044 Manzaneda";"10.615"
"32063 Pobra de Trives, A";"30.347"
"32070 San Xoán de Río";"7.961"
"32009 Barco de Valdeorras, O";"197.275"
"32015 Bolo, O";"12.637"
"32017 Carballeda de Valdeorras";"18.464"
"32038 Larouco";"6.137"
"32060 Petín";"11.652"
"32072 Rúa, A";"56.609"
"32073 Rubiá";"17.346"
"32083 Veiga, A";"11.855"
"32088 Vilamartín de Valdeorras";"20.035"
"32021 Castrelo do Val";"9.364"
"32028 Cualedro";"15.899"
"32039 Laza";"14.501"
"32050 Monterrei";"24.746"
"32053 Oímbra";"14.136"
"32071 Riós, O";"17.473"
"32085 Verín";"158.286"
"32091 Vilardevós";"19.236"
"32034 Gudiña, A";"15.773"
"32048 Mezquita, A";"11.496"
"32086 Viana do Bolo";"35.542"
"32092 Vilariño de Conso";"5.882"
"36023 Guarda, A";"113.923"
"36036 Oia";"34.231"
"36048 Rosal, O";"69.120"
"36054 Tomiño";"141.409"
"36055 Tui";"191.206"
"36005 Caldas de Reis";"106.738"
"36010 Catoira";"36.791"
"36015 Cuntis";"52.424"
"36032 Moraña";"43.433"
"36044 Pontecesures";"36.887"
"36040 Portas";"29.141"
"36056 Valga";"59.095"
"36030 Mondariz";"46.167"
"36031 Mondariz Balneario";"9.688"
"36034 Neves, As";"38.348"
"36042 Ponteareas";"244.488"
"36050 Salvaterra de Miño";"98.393"
"36020 Agolada";"26.307"
"36016 Dozón";"11.799"
"36024 Lalín";"219.113"
"36047 Rodeiro";"31.148"
"36052 Silleda";"103.918"
"36059 Vila de Cruces";"59.773"
"36004 Bueu";"138.612"
"36008 Cangas de Morrazo";"307.358"
"36026 Marín";"289.593"
"36029 Moaña";"219.726"
"36001 Arbo";"30.082"
"36009 Caniza, A";"51.940"
"36013 Covelo";"23.142"
"36014 Crecente";"20.183"
"36002 Barro";"38.851"
"36007 Campo Lameiro, O";"19.566"
"36902 Cerdedo Cotobade";"-"
"36012 Cotobade";"42.990"
"36025 Lama, A";"21.011"
"36041 Poio";"214.639"
"36043 Ponte Caldelas";"57.965"
"36038 Pontevedra";"1.198.889"
"36058 Vilaboa";"69.411"
"36006 Cambados";"165.348"
"36022 Grove, O";"131.522"
"36901 Illa de Arousa, A";"57.499"
"36027 Meaño";"54.843"
"36028 Meis";"52.100"
"36046 Ribadumia";"54.013"
"36051 Sanxenxo";"212.692"
"36060 Vilagarcía de Arousa";"444.454"
"36061 Vilanova de Arousa";"113.992"
"36011 Cerdedo";"15.616"
"36017 Estrada, A";"231.441"
"36018 Forcarei";"38.924"
"36003 Baiona";"162.691"
"36019 Fornelos de Montes";"16.448"
"36021 Gondomar";"178.189"
"36033 Mos";"172.923"
"36035 Nigrán";"257.522"
"36037 Pazos de Borbén";"29.462"
"36039 Porriño, O";"217.709"
"36045 Redondela";"369.530"
"36049 Salceda de Caselas";"96.203"
"36053 Soutomaior";"81.308"
"36057 Vigo";"4.211.210"
"2013";""
"15006 Arzúa";"80.644"
"15010 Boimorto";"22.906"
"15066 Pino, O";"54.475"
"15085 Touro";"39.748"
"15011 Boiro";"208.246"
"15067 Pobra do Caramiñal, A";"109.203"
"15072 Rianxo";"121.297"
"15073 Ribeira";"308.301"
"15007 Baña, A";"39.648"
"15056 Negreira";"80.096"
"15014 Cabana de Bergantiños";"47.526"
"15019 Carballo";"355.158"
"15029 Coristanco";"69.806"
"15041 Laracha, A";"129.177"
"15040 Laxe";"33.932"
"15043 Malpica de Bergantiños";"61.607"
"15068 Ponteceso";"63.522"
"15003 Aranga";"22.721"
"15009 Betanzos";"180.550"
"15026 Cesuras";"24.863"
"15027 Coirós";"20.830"
"15032 Curtis";"52.648"
"15039 Irixoa";"17.532"
"15048 Miño";"84.192"
"15063 Oza dos Ríos";"40.509"
"15902 Oza Cesuras";"-"
"15064 Paderne";"33.269"
"15091 Vilarmaior";"15.134"
"15090 Vilasantar";"15.822"
"15001 Abegondo";"71.312"
"15005 Arteixo";"381.446"
"15008 Bergondo";"104.053"
"15017 Cambre";"332.243"
"15021 Carral";"80.873"
"15030 Coruña, A";"4.141.399"
"15031 Culleredo";"433.281"
"15058 Oleiros";"709.773"
"15075 Sada";"212.378"
"15015 Cabanas";"47.869"
"15018 Capela, A";"19.204"
"15050 Monfero";"24.728"
"15069 Pontedeume";"107.014"
"15070 Pontes de García Rodríguez, As";"174.199"
"15004 Ares";"74.852"
"15022 Cedeira";"84.749"
"15035 Fene";"179.099"
"15036 Ferrol";"963.731"
"15049 Moeche";"14.570"
"15051 Mugardos";"67.469"
"15054 Narón";"490.199"
"15055 Neda";"70.063"
"15076 San Sadurniño";"36.470"
"15081 Somozas, As";"15.934"
"15087 Valdoviño";"90.322"
"15023 Cee";"89.381"
"15028 Corcubión";"21.565"
"15034 Dumbría";"33.396"
"15037 Fisterra";"43.339"
"15052 Muxía";"49.783"
"15020 Carnota";"45.256"
"15053 Muros";"93.784"
"15042 Lousame";"32.913"
"15057 Noia";"174.381"
"15062 Outes";"75.786"
"15071 Porto do Son, O";"99.514"
"15024 Cerceda";"62.744"
"15038 Frades";"30.283"
"15047 Mesía";"34.524"
"15059 Ordes";"153.169"
"15060 Oroso";"90.563"
"15084 Tordoia";"42.890"
"15086 Trazo";"38.698"
"15901 Cariño";"47.768"
"15025 Cerdido";"14.140"
"15044 Mañón";"17.145"
"15061 Ortigueira";"80.413"
"15002 Ames";"422.122"
"15012 Boqueixón";"49.826"
"15013 Brión";"96.740"
"15078 Santiago de Compostela";"1.573.535"
"15082 Teo";"278.831"
"15088 Val do Dubra";"48.942"
"15089 Vedra";"59.838"
"15033 Dodro";"30.846"
"15065 Padrón";"100.899"
"15074 Rois";"52.208"
"15046 Melide";"84.034"
"15079 Santiso";"17.866"
"15080 Sobrado";"20.180"
"15083 Toques";"11.504"
"15016 Camariñas";"51.119"
"15092 Vimianzo";"83.505"
"15093 Zas";"54.910"
"15045 Mazaricos";"49.266"
"15077 Santa Comba";"109.092"
"27901 Baralla";"27.517"
"27006 Becerreá";"34.071"
"27012 Cervantes";"14.456"
"27034 Navia de Suarna";"14.514"
"27037 Nogais, As";"11.952"
"27045 Pedrafita do Cebreiro";"13.255"
"27009 Carballedo";"28.414"
"27016 Chantada";"102.434"
"27060 Taboada";"38.029"
"27004 Baleira";"15.891"
"27018 Fonsagrada, A";"43.247"
"27035 Negueira de Muñiz";"1.471"
"27011 Castroverde";"33.996"
"27014 Corgo, O";"43.129"
"27020 Friol";"44.507"
"27023 Guntín";"33.075"
"27028 Lugo";"1.483.295"
"27039 Outeiro de Rei";"61.429"
"27049 Portomarín";"22.591"
"27056 Rábade";"19.269"
"27002 Alfoz do Castrodouro";"21.995"
"27902 Burela";"124.381"
"27019 Foz";"131.618"
"27027 Lourenzá";"29.190"
"27030 Mondoñedo";"48.537"
"27063 Valadouro, O";"24.823"
"27013 Cervo";"60.176"
"27038 Ourol";"11.695"
"27064 Vicedo, O";"22.013"
"27066 Viveiro";"205.453"
"27025 Xove";"41.272"
"27005 Barreiros";"39.386"
"27048 Pontenova, A";"32.396"
"27051 Ribadeo";"129.871"
"27061 Trabada";"15.543"
"27029 Meira";"25.101"
"27046 Pol";"21.931"
"27053 Ribeira de Piquín, A";"6.678"
"27054 Riotorto";"16.929"
"27017 Folgoso do Courel";"10.887"
"27050 Quiroga";"38.667"
"27052 Ribas de Sil";"10.566"
"27024 Incio, O";"19.859"
"27026 Láncara";"30.367"
"27042 Paradela";"21.560"
"27043 Páramo, O";"15.382"
"27055 Samos";"17.152"
"27057 Sarria";"166.036"
"27062 Triacastela";"7.524"
"27001 Abadín";"32.390"
"27007 Begonte";"35.126"
"27010 Castro de Rei";"59.512"
"27015 Cospeito";"57.643"
"27022 Guitiriz";"71.397"
"27033 Muras";"8.420"
"27044 Pastoriza";"42.133"
"27065 Vilalba";"182.310"
"27021 Xermade";"28.321"
"27008 Bóveda";"17.681"
"27031 Monforte de Lemos";"226.123"
"27041 Pantón";"26.792"
"27047 Pobra do Brollón, A";"19.382"
"27058 Saviñao, O";"44.645"
"27059 Sober";"23.345"
"27003 Antas de Ulla";"22.878"
"27032 Monterroso";"46.218"
"27040 Palas de Rei";"41.374"
"32001 Allariz";"74.638"
"32007 Baños de Molgas";"18.156"
"32043 Maceda";"32.738"
"32055 Paderne de Allariz";"15.608"
"32036 Xunqueira de Ambía";"16.290"
"32037 Xunqueira de Espadanedo";"7.751"
"32006 Bande";"20.050"
"32030 Entrimo";"12.303"
"32041 Lobeira";"7.222"
"32042 Lobios";"17.959"
"32051 Muíños";"13.830"
"32011 Beariz";"8.319"
"32013 Boborás";"22.038"
"32019 Carballiño, O";"160.947"
"32035 Irixo, O";"14.584"
"32045 Maside";"28.336"
"32061 Piñor";"13.338"
"32065 Punxín";"7.574"
"32074 San Amaro";"10.311"
"32076 San Cristovo de Cea";"24.682"
"32005 Baltar";"10.133"
"32012 Blancos, Os";"7.842"
"32016 Calvos de Randín";"8.931"
"32062 Porqueira";"7.698"
"32067 Rairiz de Veiga";"13.773"
"32077 Sandiás";"14.155"
"32078 Sarreaus";"12.152"
"32082 Trasmiras";"12.543"
"32089 Vilar de Barrio";"14.998"
"32090 Vilar de Santos";"8.388"
"32032 Xinzo de Limia";"115.325"
"32002 Amoeiro";"25.193"
"32008 Barbadás";"115.125"
"32026 Coles";"32.319"
"32031 Esgos";"11.062"
"32052 Nogueira de Ramuín";"23.011"
"32054 Ourense";"1.660.037"
"32058 Pereiro de Aguiar, O";"72.359"
"32059 Peroxa, A";"18.431"
"32075 San Cibrao das Viñas";"57.260"
"32079 Taboadela";"16.647"
"32081 Toén";"25.619"
"32087 Vilamarín";"17.783"
"32003 Arnoia, A";"10.310"
"32004 Avión";"16.642"
"32010 Beade";"4.129"
"32018 Carballeda de Avia";"12.460"
"32022 Castrelo de Miño";"15.756"
"32025 Cenlle";"12.847"
"32027 Cortegada";"12.189"
"32040 Leiro";"15.858"
"32046 Melón";"11.667"
"32069 Ribadavia";"60.271"
"32023 Castro de Caldelas, O";"15.513"
"32049 Montederramo";"9.258"
"32057 Parada de Sil";"4.528"
"32080 Teixeira, A";"4.331"
"32014 Bola, A";"11.476"
"32020 Cartelle";"27.270"
"32024 Celanova";"69.386"
"32033 Gomesende";"8.076"
"32047 Merca, A";"22.217"
"32056 Padrenda";"17.058"
"32064 Pontedeva";"5.189"
"32066 Quintela de Leirado";"6.898"
"32068 Ramirás";"16.799"
"32084 Verea";"10.865"
"32029 Chandrexa de Queixa";"5.454"
"32044 Manzaneda";"10.288"
"32063 Pobra de Trives, A";"28.659"
"32070 San Xoán de Río";"7.670"
"32009 Barco de Valdeorras, O";"194.690"
"32015 Bolo, O";"12.364"
"32017 Carballeda de Valdeorras";"18.027"
"32038 Larouco";"6.301"
"32060 Petín";"11.453"
"32072 Rúa, A";"55.410"
"32073 Rubiá";"16.428"
"32083 Veiga, A";"10.476"
"32088 Vilamartín de Valdeorras";"19.168"
"32021 Castrelo do Val";"9.294"
"32028 Cualedro";"15.566"
"32039 Laza";"14.204"
"32050 Monterrei";"25.026"
"32053 Oímbra";"14.060"
"32071 Riós, O";"17.467"
"32085 Verín";"162.006"
"32091 Vilardevós";"19.780"
"32034 Gudiña, A";"16.626"
"32048 Mezquita, A";"12.172"
"32086 Viana do Bolo";"36.467"
"32092 Vilariño de Conso";"5.921"
"36023 Guarda, A";"112.048"
"36036 Oia";"36.368"
"36048 Rosal, O";"68.723"
"36054 Tomiño";"141.802"
"36055 Tui";"187.255"
"36005 Caldas de Reis";"101.654"
"36010 Catoira";"36.063"
"36015 Cuntis";"51.543"
"36032 Moraña";"42.835"
"36044 Pontecesures";"35.473"
"36040 Portas";"29.717"
"36056 Valga";"59.290"
"36030 Mondariz";"44.730"
"36031 Mondariz Balneario";"9.877"
"36034 Neves, As";"37.465"
"36042 Ponteareas";"242.013"
"36050 Salvaterra de Miño";"98.806"
"36020 Agolada";"27.234"
"36016 Dozón";"11.876"
"36024 Lalín";"222.496"
"36047 Rodeiro";"33.489"
"36052 Silleda";"106.398"
"36059 Vila de Cruces";"59.287"
"36004 Bueu";"136.309"
"36008 Cangas de Morrazo";"309.488"
"36026 Marín";"289.699"
"36029 Moaña";"222.008"
"36001 Arbo";"29.924"
"36009 Caniza, A";"51.280"
"36013 Covelo";"22.784"
"36014 Crecente";"19.551"
"36002 Barro";"38.027"
"36007 Campo Lameiro, O";"17.767"
"36902 Cerdedo Cotobade";"-"
"36012 Cotobade";"43.188"
"36025 Lama, A";"20.669"
"36041 Poio";"212.980"
"36043 Ponte Caldelas";"57.373"
"36038 Pontevedra";"1.189.679"
"36058 Vilaboa";"69.600"
"36006 Cambados";"167.425"
"36022 Grove, O";"127.644"
"36901 Illa de Arousa, A";"55.777"
"36027 Meaño";"54.766"
"36028 Meis";"50.341"
"36046 Ribadumia";"54.200"
"36051 Sanxenxo";"210.352"
"36060 Vilagarcía de Arousa";"438.472"
"36061 Vilanova de Arousa";"112.569"
"36011 Cerdedo";"15.129"
"36017 Estrada, A";"232.488"
"36018 Forcarei";"38.657"
"36003 Baiona";"167.033"
"36019 Fornelos de Montes";"16.802"
"36021 Gondomar";"179.598"
"36033 Mos";"176.366"
"36035 Nigrán";"253.545"
"36037 Pazos de Borbén";"29.200"
"36039 Porriño, O";"219.207"
"36045 Redondela";"370.296"
"36049 Salceda de Caselas";"96.394"
"36053 Soutomaior";"81.601"
"36057 Vigo";"4.229.170"
"2014";""
"15006 Arzúa";"77.763"
"15010 Boimorto";"22.443"
"15066 Pino, O";"53.891"
"15085 Touro";"39.537"
"15011 Boiro";"212.844"
"15067 Pobra do Caramiñal, A";"113.577"
"15072 Rianxo";"121.746"
"15073 Ribeira";"308.939"
"15007 Baña, A";"38.486"
"15056 Negreira";"79.430"
"15014 Cabana de Bergantiños";"49.166"
"15019 Carballo";"355.213"
"15029 Coristanco";"69.046"
"15041 Laracha, A";"130.038"
"15040 Laxe";"33.569"
"15043 Malpica de Bergantiños";"61.203"
"15068 Ponteceso";"63.402"
"15003 Aranga";"22.433"
"15009 Betanzos";"178.358"
"15026 Cesuras";"-"
"15027 Coirós";"21.557"
"15032 Curtis";"50.564"
"15039 Irixoa";"17.026"
"15048 Miño";"84.509"
"15063 Oza dos Ríos";"-"
"15902 Oza Cesuras";"65.709"
"15064 Paderne";"31.979"
"15091 Vilarmaior";"14.875"
"15090 Vilasantar";"15.716"
"15001 Abegondo";"71.388"
"15005 Arteixo";"392.305"
"15008 Bergondo";"99.964"
"15017 Cambre";"333.928"
"15021 Carral";"78.145"
"15030 Coruña, A";"4.107.944"
"15031 Culleredo";"434.346"
"15058 Oleiros";"766.283"
"15075 Sada";"209.988"
"15015 Cabanas";"46.090"
"15018 Capela, A";"18.966"
"15050 Monfero";"23.381"
"15069 Pontedeume";"102.141"
"15070 Pontes de García Rodríguez, As";"169.125"
"15004 Ares";"73.007"
"15022 Cedeira";"83.948"
"15035 Fene";"173.379"
"15036 Ferrol";"940.315"
"15049 Moeche";"14.372"
"15051 Mugardos";"64.543"
"15054 Narón";"479.713"
"15055 Neda";"69.534"
"15076 San Sadurniño";"35.062"
"15081 Somozas, As";"15.381"
"15087 Valdoviño";"84.902"
"15023 Cee";"87.935"
"15028 Corcubión";"21.986"
"15034 Dumbría";"32.396"
"15037 Fisterra";"44.523"
"15052 Muxía";"49.391"
"15020 Carnota";"45.769"
"15053 Muros";"93.654"
"15042 Lousame";"33.561"
"15057 Noia";"174.699"
"15062 Outes";"75.056"
"15071 Porto do Son, O";"100.631"
"15024 Cerceda";"63.391"
"15038 Frades";"29.457"
"15047 Mesía";"33.206"
"15059 Ordes";"151.457"
"15060 Oroso";"90.412"
"15084 Tordoia";"42.885"
"15086 Trazo";"38.814"
"15901 Cariño";"47.062"
"15025 Cerdido";"13.947"
"15044 Mañón";"16.803"
"15061 Ortigueira";"78.255"
"15002 Ames";"424.189"
"15012 Boqueixón";"49.898"
"15013 Brión";"99.594"
"15078 Santiago de Compostela";"1.558.063"
"15082 Teo";"276.214"
"15088 Val do Dubra";"48.523"
"15089 Vedra";"59.416"
"15033 Dodro";"30.695"
"15065 Padrón";"100.776"
"15074 Rois";"52.913"
"15046 Melide";"84.163"
"15079 Santiso";"17.936"
"15080 Sobrado";"19.399"
"15083 Toques";"11.303"
"15016 Camariñas";"51.219"
"15092 Vimianzo";"82.075"
"15093 Zas";"53.937"
"15045 Mazaricos";"47.397"
"15077 Santa Comba";"106.386"
"27901 Baralla";"27.556"
"27006 Becerreá";"33.496"
"27012 Cervantes";"14.750"
"27034 Navia de Suarna";"13.538"
"27037 Nogais, As";"11.846"
"27045 Pedrafita do Cebreiro";"12.455"
"27009 Carballedo";"26.281"
"27016 Chantada";"100.718"
"27060 Taboada";"36.051"
"27004 Baleira";"15.525"
"27018 Fonsagrada, A";"44.904"
"27035 Negueira de Muñiz";"1.395"
"27011 Castroverde";"32.932"
"27014 Corgo, O";"43.700"
"27020 Friol";"43.399"
"27023 Guntín";"32.173"
"27028 Lugo";"1.474.083"
"27039 Outeiro de Rei";"62.037"
"27049 Portomarín";"21.717"
"27056 Rábade";"17.944"
"27002 Alfoz do Castrodouro";"22.232"
"27902 Burela";"122.512"
"27019 Foz";"131.497"
"27027 Lourenzá";"30.259"
"27030 Mondoñedo";"49.467"
"27063 Valadouro, O";"24.160"
"27013 Cervo";"60.350"
"27038 Ourol";"10.829"
"27064 Vicedo, O";"21.607"
"27066 Viveiro";"207.632"
"27025 Xove";"41.113"
"27005 Barreiros";"39.571"
"27048 Pontenova, A";"31.644"
"27051 Ribadeo";"132.806"
"27061 Trabada";"14.835"
"27029 Meira";"24.303"
"27046 Pol";"21.203"
"27053 Ribeira de Piquín, A";"6.485"
"27054 Riotorto";"17.590"
"27017 Folgoso do Courel";"11.119"
"27050 Quiroga";"37.310"
"27052 Ribas de Sil";"10.254"
"27024 Incio, O";"18.410"
"27026 Láncara";"27.625"
"27042 Paradela";"21.531"
"27043 Páramo, O";"15.398"
"27055 Samos";"16.018"
"27057 Sarria";"165.057"
"27062 Triacastela";"7.332"
"27001 Abadín";"32.080"
"27007 Begonte";"35.281"
"27010 Castro de Rei";"60.852"
"27015 Cospeito";"57.610"
"27022 Guitiriz";"70.800"
"27033 Muras";"8.098"
"27044 Pastoriza";"42.332"
"27065 Vilalba";"180.782"
"27021 Xermade";"28.072"
"27008 Bóveda";"16.479"
"27031 Monforte de Lemos";"223.853"
"27041 Pantón";"25.530"
"27047 Pobra do Brollón, A";"18.010"
"27058 Saviñao, O";"43.589"
"27059 Sober";"22.325"
"27003 Antas de Ulla";"21.561"
"27032 Monterroso";"45.174"
"27040 Palas de Rei";"39.644"
"32001 Allariz";"72.729"
"32007 Baños de Molgas";"16.811"
"32043 Maceda";"33.079"
"32055 Paderne de Allariz";"15.931"
"32036 Xunqueira de Ambía";"15.618"
"32037 Xunqueira de Espadanedo";"7.463"
"32006 Bande";"18.277"
"32030 Entrimo";"11.427"
"32041 Lobeira";"7.657"
"32042 Lobios";"18.006"
"32051 Muíños";"13.137"
"32011 Beariz";"8.433"
"32013 Boborás";"21.439"
"32019 Carballiño, O";"159.154"
"32035 Irixo, O";"14.412"
"32045 Maside";"27.911"
"32061 Piñor";"13.055"
"32065 Punxín";"7.329"
"32074 San Amaro";"10.046"
"32076 San Cristovo de Cea";"23.180"
"32005 Baltar";"9.688"
"32012 Blancos, Os";"7.474"
"32016 Calvos de Randín";"8.326"
"32062 Porqueira";"7.175"
"32067 Rairiz de Veiga";"13.176"
"32077 Sandiás";"13.541"
"32078 Sarreaus";"11.500"
"32082 Trasmiras";"12.482"
"32089 Vilar de Barrio";"14.206"
"32090 Vilar de Santos";"8.302"
"32032 Xinzo de Limia";"114.516"
"32002 Amoeiro";"25.630"
"32008 Barbadás";"117.874"
"32026 Coles";"31.650"
"32031 Esgos";"11.777"
"32052 Nogueira de Ramuín";"22.910"
"32054 Ourense";"1.645.425"
"32058 Pereiro de Aguiar, O";"74.937"
"32059 Peroxa, A";"17.891"
"32075 San Cibrao das Viñas";"57.122"
"32079 Taboadela";"16.361"
"32081 Toén";"24.745"
"32087 Vilamarín";"17.712"
"32003 Arnoia, A";"10.296"
"32004 Avión";"15.720"
"32010 Beade";"3.901"
"32018 Carballeda de Avia";"11.894"
"32022 Castrelo de Miño";"15.081"
"32025 Cenlle";"12.789"
"32027 Cortegada";"11.839"
"32040 Leiro";"16.140"
"32046 Melón";"11.500"
"32069 Ribadavia";"59.915"
"32023 Castro de Caldelas, O";"16.964"
"32049 Montederramo";"9.134"
"32057 Parada de Sil";"4.413"
"32080 Teixeira, A";"4.338"
"32014 Bola, A";"10.862"
"32020 Cartelle";"25.609"
"32024 Celanova";"66.648"
"32033 Gomesende";"7.926"
"32047 Merca, A";"20.457"
"32056 Padrenda";"16.521"
"32064 Pontedeva";"4.770"
"32066 Quintela de Leirado";"6.473"
"32068 Ramirás";"16.045"
"32084 Verea";"10.340"
"32029 Chandrexa de Queixa";"5.340"
"32044 Manzaneda";"10.054"
"32063 Pobra de Trives, A";"27.594"
"32070 San Xoán de Río";"7.544"
"32009 Barco de Valdeorras, O";"194.044"
"32015 Bolo, O";"11.905"
"32017 Carballeda de Valdeorras";"17.175"
"32038 Larouco";"6.221"
"32060 Petín";"10.967"
"32072 Rúa, A";"55.346"
"32073 Rubiá";"16.469"
"32083 Veiga, A";"10.184"
"32088 Vilamartín de Valdeorras";"18.404"
"32021 Castrelo do Val";"8.975"
"32028 Cualedro";"15.591"
"32039 Laza";"13.696"
"32050 Monterrei";"24.102"
"32053 Oímbra";"13.665"
"32071 Riós, O";"15.718"
"32085 Verín";"161.605"
"32091 Vilardevós";"18.543"
"32034 Gudiña, A";"15.798"
"32048 Mezquita, A";"12.029"
"32086 Viana do Bolo";"34.314"
"32092 Vilariño de Conso";"5.512"
"36023 Guarda, A";"112.964"
"36036 Oia";"32.766"
"36048 Rosal, O";"69.036"
"36054 Tomiño";"141.879"
"36055 Tui";"187.600"
"36005 Caldas de Reis";"102.056"
"36010 Catoira";"36.017"
"36015 Cuntis";"51.799"
"36032 Moraña";"42.815"
"36044 Pontecesures";"36.195"
"36040 Portas";"29.990"
"36056 Valga";"60.046"
"36030 Mondariz";"44.805"
"36031 Mondariz Balneario";"9.062"
"36034 Neves, As";"36.499"
"36042 Ponteareas";"242.722"
"36050 Salvaterra de Miño";"98.756"
"36020 Agolada";"26.831"
"36016 Dozón";"12.101"
"36024 Lalín";"220.496"
"36047 Rodeiro";"32.002"
"36052 Silleda";"104.008"
"36059 Vila de Cruces";"58.120"
"36004 Bueu";"138.604"
"36008 Cangas de Morrazo";"308.825"
"36026 Marín";"284.384"
"36029 Moaña";"219.513"
"36001 Arbo";"28.247"
"36009 Caniza, A";"51.108"
"36013 Covelo";"22.469"
"36014 Crecente";"19.046"
"36002 Barro";"38.278"
"36007 Campo Lameiro, O";"18.299"
"36902 Cerdedo Cotobade";"-"
"36012 Cotobade";"42.702"
"36025 Lama, A";"20.126"
"36041 Poio";"210.696"
"36043 Ponte Caldelas";"55.750"
"36038 Pontevedra";"1.173.626"
"36058 Vilaboa";"68.537"
"36006 Cambados";"167.250"
"36022 Grove, O";"129.346"
"36901 Illa de Arousa, A";"61.124"
"36027 Meaño";"54.976"
"36028 Meis";"50.262"
"36046 Ribadumia";"53.298"
"36051 Sanxenxo";"210.070"
"36060 Vilagarcía de Arousa";"436.796"
"36061 Vilanova de Arousa";"114.754"
"36011 Cerdedo";"15.015"
"36017 Estrada, A";"229.447"
"36018 Forcarei";"40.068"
"36003 Baiona";"167.516"
"36019 Fornelos de Montes";"16.778"
"36021 Gondomar";"180.356"
"36033 Mos";"179.997"
"36035 Nigrán";"254.603"
"36037 Pazos de Borbén";"29.468"
"36039 Porriño, O";"215.138"
"36045 Redondela";"367.978"
"36049 Salceda de Caselas";"97.348"
"36053 Soutomaior";"82.596"
"36057 Vigo";"4.217.805"
"2015";""
"15006 Arzúa";"74.494"
"15010 Boimorto";"21.391"
"15066 Pino, O";"53.698"
"15085 Touro";"38.997"
"15011 Boiro";"224.534"
"15067 Pobra do Caramiñal, A";"113.406"
"15072 Rianxo";"130.344"
"15073 Ribeira";"336.765"
"15007 Baña, A";"38.572"
"15056 Negreira";"81.367"
"15014 Cabana de Bergantiños";"49.630"
"15019 Carballo";"361.749"
"15029 Coristanco";"70.458"
"15041 Laracha, A";"133.954"
"15040 Laxe";"34.829"
"15043 Malpica de Bergantiños";"63.589"
"15068 Ponteceso";"64.542"
"15003 Aranga";"21.060"
"15009 Betanzos";"185.304"
"15026 Cesuras";"-"
"15027 Coirós";"22.129"
"15032 Curtis";"49.269"
"15039 Irixoa";"16.046"
"15048 Miño";"87.068"
"15063 Oza dos Ríos";"-"
"15902 Oza Cesuras";"67.064"
"15064 Paderne";"33.332"
"15091 Vilarmaior";"15.470"
"15090 Vilasantar";"14.579"
"15001 Abegondo";"72.214"
"15005 Arteixo";"404.496"
"15008 Bergondo";"106.158"
"15017 Cambre";"347.321"
"15021 Carral";"83.296"
"15030 Coruña, A";"4.195.805"
"15031 Culleredo";"455.754"
"15058 Oleiros";"741.735"
"15075 Sada";"223.048"
"15015 Cabanas";"48.023"
"15018 Capela, A";"17.553"
"15050 Monfero";"21.130"
"15069 Pontedeume";"104.708"
"15070 Pontes de García Rodríguez, As";"173.165"
"15004 Ares";"75.424"
"15022 Cedeira";"84.757"
"15035 Fene";"178.183"
"15036 Ferrol";"956.460"
"15049 Moeche";"13.686"
"15051 Mugardos";"67.000"
"15054 Narón";"504.304"
"15055 Neda";"72.018"
"15076 San Sadurniño";"35.019"
"15081 Somozas, As";"14.777"
"15087 Valdoviño";"86.839"
"15023 Cee";"87.574"
"15028 Corcubión";"22.531"
"15034 Dumbría";"32.512"
"15037 Fisterra";"46.649"
"15052 Muxía";"49.312"
"15020 Carnota";"46.145"
"15053 Muros";"97.325"
"15042 Lousame";"36.036"
"15057 Noia";"184.392"
"15062 Outes";"79.918"
"15071 Porto do Son, O";"105.187"
"15024 Cerceda";"63.696"
"15038 Frades";"27.740"
"15047 Mesía";"30.279"
"15059 Ordes";"152.409"
"15060 Oroso";"92.930"
"15084 Tordoia";"39.125"
"15086 Trazo";"37.667"
"15901 Cariño";"48.056"
"15025 Cerdido";"13.893"
"15044 Mañón";"17.482"
"15061 Ortigueira";"81.111"
"15002 Ames";"447.691"
"15012 Boqueixón";"51.314"
"15013 Brión";"105.583"
"15078 Santiago de Compostela";"1.647.735"
"15082 Teo";"288.624"
"15088 Val do Dubra";"48.813"
"15089 Vedra";"62.499"
"15033 Dodro";"32.089"
"15065 Padrón";"104.742"
"15074 Rois";"54.037"
"15046 Melide";"86.181"
"15079 Santiso";"16.108"
"15080 Sobrado";"18.671"
"15083 Toques";"9.966"
"15016 Camariñas";"53.992"
"15092 Vimianzo";"82.175"
"15093 Zas";"55.004"
"15045 Mazaricos";"45.311"
"15077 Santa Comba";"103.162"
"27901 Baralla";"28.086"
"27006 Becerreá";"33.761"
"27012 Cervantes";"14.296"
"27034 Navia de Suarna";"13.368"
"27037 Nogais, As";"11.817"
"27045 Pedrafita do Cebreiro";"12.789"
"27009 Carballedo";"24.133"
"27016 Chantada";"97.865"
"27060 Taboada";"31.775"
"27004 Baleira";"13.861"
"27018 Fonsagrada, A";"45.009"
"27035 Negueira de Muñiz";"1.498"
"27011 Castroverde";"29.757"
"27014 Corgo, O";"43.333"
"27020 Friol";"39.890"
"27023 Guntín";"28.710"
"27028 Lugo";"1.528.806"
"27039 Outeiro de Rei";"63.866"
"27049 Portomarín";"18.891"
"27056 Rábade";"17.138"
"27002 Alfoz do Castrodouro";"22.243"
"27902 Burela";"126.880"
"27019 Foz";"137.556"
"27027 Lourenzá";"28.226"
"27030 Mondoñedo";"50.531"
"27063 Valadouro, O";"24.206"
"27013 Cervo";"62.854"
"27038 Ourol";"10.933"
"27064 Vicedo, O";"22.748"
"27066 Viveiro";"213.357"
"27025 Xove";"42.029"
"27005 Barreiros";"39.820"
"27048 Pontenova, A";"31.958"
"27051 Ribadeo";"134.259"
"27061 Trabada";"13.849"
"27029 Meira";"23.550"
"27046 Pol";"18.490"
"27053 Ribeira de Piquín, A";"6.167"
"27054 Riotorto";"16.314"
"27017 Folgoso do Courel";"10.805"
"27050 Quiroga";"38.606"
"27052 Ribas de Sil";"11.018"
"27024 Incio, O";"18.101"
"27026 Láncara";"28.010"
"27042 Paradela";"19.266"
"27043 Páramo, O";"14.237"
"27055 Samos";"14.833"
"27057 Sarria";"164.427"
"27062 Triacastela";"7.222"
"27001 Abadín";"29.736"
"27007 Begonte";"34.632"
"27010 Castro de Rei";"56.514"
"27015 Cospeito";"53.455"
"27022 Guitiriz";"66.197"
"27033 Muras";"7.595"
"27044 Pastoriza";"35.684"
"27065 Vilalba";"184.624"
"27021 Xermade";"25.786"
"27008 Bóveda";"16.406"
"27031 Monforte de Lemos";"230.356"
"27041 Pantón";"26.034"
"27047 Pobra do Brollón, A";"17.651"
"27058 Saviñao, O";"43.095"
"27059 Sober";"22.306"
"27003 Antas de Ulla";"21.169"
"27032 Monterroso";"43.259"
"27040 Palas de Rei";"38.735"
"32001 Allariz";"75.363"
"32007 Baños de Molgas";"17.333"
"32043 Maceda";"34.525"
"32055 Paderne de Allariz";"15.335"
"32036 Xunqueira de Ambía";"16.290"
"32037 Xunqueira de Espadanedo";"7.382"
"32006 Bande";"18.641"
"32030 Entrimo";"10.901"
"32041 Lobeira";"7.431"
"32042 Lobios";"17.937"
"32051 Muíños";"13.014"
"32011 Beariz";"7.844"
"32013 Boborás";"21.816"
"32019 Carballiño, O";"165.469"
"32035 Irixo, O";"14.519"
"32045 Maside";"27.842"
"32061 Piñor";"12.575"
"32065 Punxín";"7.547"
"32074 San Amaro";"10.574"
"32076 San Cristovo de Cea";"23.148"
"32005 Baltar";"9.947"
"32012 Blancos, Os";"7.436"
"32016 Calvos de Randín";"8.169"
"32062 Porqueira";"7.264"
"32067 Rairiz de Veiga";"13.292"
"32077 Sandiás";"13.121"
"32078 Sarreaus";"11.653"
"32082 Trasmiras";"12.652"
"32089 Vilar de Barrio";"14.760"
"32090 Vilar de Santos";"9.394"
"32032 Xinzo de Limia";"120.507"
"32002 Amoeiro";"26.075"
"32008 Barbadás";"124.939"
"32026 Coles";"34.051"
"32031 Esgos";"12.155"
"32052 Nogueira de Ramuín";"23.862"
"32054 Ourense";"1.685.374"
"32058 Pereiro de Aguiar, O";"77.533"
"32059 Peroxa, A";"17.464"
"32075 San Cibrao das Viñas";"61.384"
"32079 Taboadela";"17.015"
"32081 Toén";"26.650"
"32087 Vilamarín";"18.191"
"32003 Arnoia, A";"10.900"
"32004 Avión";"15.978"
"32010 Beade";"4.259"
"32018 Carballeda de Avia";"12.519"
"32022 Castrelo de Miño";"15.365"
"32025 Cenlle";"13.417"
"32027 Cortegada";"11.958"
"32040 Leiro";"16.130"
"32046 Melón";"11.707"
"32069 Ribadavia";"61.878"
"32023 Castro de Caldelas, O";"16.579"
"32049 Montederramo";"9.198"
"32057 Parada de Sil";"4.398"
"32080 Teixeira, A";"4.253"
"32014 Bola, A";"10.857"
"32020 Cartelle";"26.254"
"32024 Celanova";"66.377"
"32033 Gomesende";"8.012"
"32047 Merca, A";"21.466"
"32056 Padrenda";"17.076"
"32064 Pontedeva";"4.893"
"32066 Quintela de Leirado";"6.215"
"32068 Ramirás";"16.132"
"32084 Verea";"10.350"
"32029 Chandrexa de Queixa";"5.018"
"32044 Manzaneda";"10.588"
"32063 Pobra de Trives, A";"27.993"
"32070 San Xoán de Río";"7.251"
"32009 Barco de Valdeorras, O";"199.504"
"32015 Bolo, O";"11.855"
"32017 Carballeda de Valdeorras";"17.135"
"32038 Larouco";"5.391"
"32060 Petín";"11.313"
"32072 Rúa, A";"56.576"
"32073 Rubiá";"16.344"
"32083 Veiga, A";"10.714"
"32088 Vilamartín de Valdeorras";"19.006"
"32021 Castrelo do Val";"9.182"
"32028 Cualedro";"15.462"
"32039 Laza";"13.814"
"32050 Monterrei";"24.886"
"32053 Oímbra";"14.313"
"32071 Riós, O";"16.171"
"32085 Verín";"165.065"
"32091 Vilardevós";"18.565"
"32034 Gudiña, A";"15.282"
"32048 Mezquita, A";"12.148"
"32086 Viana do Bolo";"35.358"
"32092 Vilariño de Conso";"5.822"
"36023 Guarda, A";"123.686"
"36036 Oia";"35.834"
"36048 Rosal, O";"72.888"
"36054 Tomiño";"150.151"
"36055 Tui";"202.637"
"36005 Caldas de Reis";"107.666"
"36010 Catoira";"38.323"
"36015 Cuntis";"54.011"
"36032 Moraña";"44.702"
"36044 Pontecesures";"37.435"
"36040 Portas";"32.003"
"36056 Valga";"62.929"
"36030 Mondariz";"47.491"
"36031 Mondariz Balneario";"8.996"
"36034 Neves, As";"38.893"
"36042 Ponteareas";"258.467"
"36050 Salvaterra de Miño";"105.051"
"36020 Agolada";"26.879"
"36016 Dozón";"10.607"
"36024 Lalín";"217.352"
"36047 Rodeiro";"28.474"
"36052 Silleda";"103.380"
"36059 Vila de Cruces";"59.401"
"36004 Bueu";"146.318"
"36008 Cangas de Morrazo";"328.166"
"36026 Marín";"299.125"
"36029 Moaña";"233.977"
"36001 Arbo";"30.414"
"36009 Caniza, A";"53.198"
"36013 Covelo";"23.978"
"36014 Crecente";"19.544"
"36002 Barro";"40.947"
"36007 Campo Lameiro, O";"18.618"
"36902 Cerdedo Cotobade";"-"
"36012 Cotobade";"45.639"
"36025 Lama, A";"20.322"
"36041 Poio";"227.671"
"36043 Ponte Caldelas";"59.553"
"36038 Pontevedra";"1.240.900"
"36058 Vilaboa";"69.562"
"36006 Cambados";"176.593"
"36022 Grove, O";"140.983"
"36901 Illa de Arousa, A";"70.978"
"36027 Meaño";"59.642"
"36028 Meis";"53.010"
"36046 Ribadumia";"58.492"
"36051 Sanxenxo";"225.063"
"36060 Vilagarcía de Arousa";"459.617"
"36061 Vilanova de Arousa";"120.969"
"36011 Cerdedo";"15.050"
"36017 Estrada, A";"238.822"
"36018 Forcarei";"39.178"
"36003 Baiona";"171.502"
"36019 Fornelos de Montes";"17.487"
"36021 Gondomar";"190.838"
"36033 Mos";"182.850"
"36035 Nigrán";"266.591"
"36037 Pazos de Borbén";"30.787"
"36039 Porriño, O";"229.432"
"36045 Redondela";"380.276"
"36049 Salceda de Caselas";"102.526"
"36053 Soutomaior";"86.626"
"36057 Vigo";"4.291.932"
"2016";""
"15006 Arzúa";"75.763"
"15010 Boimorto";"21.508"
"15066 Pino, O";"55.465"
"15085 Touro";"40.093"
"15011 Boiro";"238.181"
"15067 Pobra do Caramiñal, A";"120.132"
"15072 Rianxo";"137.507"
"15073 Ribeira";"344.288"
"15007 Baña, A";"39.548"
"15056 Negreira";"83.935"
"15014 Cabana de Bergantiños";"49.486"
"15019 Carballo";"385.132"
"15029 Coristanco";"71.120"
"15041 Laracha, A";"139.638"
"15040 Laxe";"36.091"
"15043 Malpica de Bergantiños";"64.312"
"15068 Ponteceso";"67.757"
"15003 Aranga";"21.187"
"15009 Betanzos";"185.176"
"15026 Cesuras";"-"
"15027 Coirós";"24.182"
"15032 Curtis";"50.293"
"15039 Irixoa";"16.671"
"15048 Miño";"89.611"
"15063 Oza dos Ríos";"-"
"15902 Oza Cesuras";"69.124"
"15064 Paderne";"33.655"
"15091 Vilarmaior";"15.876"
"15090 Vilasantar";"15.186"
"15001 Abegondo";"75.131"
"15005 Arteixo";"430.708"
"15008 Bergondo";"117.820"
"15017 Cambre";"359.238"
"15021 Carral";"86.423"
"15030 Coruña, A";"4.276.280"
"15031 Culleredo";"462.598"
"15058 Oleiros";"760.590"
"15075 Sada";"232.087"
"15015 Cabanas";"47.909"
"15018 Capela, A";"16.904"
"15050 Monfero";"21.996"
"15069 Pontedeume";"104.434"
"15070 Pontes de García Rodríguez, As";"169.693"
"15004 Ares";"76.870"
"15022 Cedeira";"85.194"
"15035 Fene";"179.804"
"15036 Ferrol";"962.604"
"15049 Moeche";"14.681"
"15051 Mugardos";"67.406"
"15054 Narón";"513.730"
"15055 Neda";"72.295"
"15076 San Sadurniño";"36.856"
"15081 Somozas, As";"16.103"
"15087 Valdoviño";"88.086"
"15023 Cee";"90.839"
"15028 Corcubión";"22.896"
"15034 Dumbría";"33.240"
"15037 Fisterra";"49.812"
"15052 Muxía";"51.045"
"15020 Carnota";"47.328"
"15053 Muros";"98.656"
"15042 Lousame";"36.835"
"15057 Noia";"186.775"
"15062 Outes";"77.816"
"15071 Porto do Son, O";"107.801"
"15024 Cerceda";"63.866"
"15038 Frades";"29.056"
"15047 Mesía";"29.872"
"15059 Ordes";"154.024"
"15060 Oroso";"94.641"
"15084 Tordoia";"40.268"
"15086 Trazo";"38.018"
"15901 Cariño";"49.640"
"15025 Cerdido";"13.921"
"15044 Mañón";"17.042"
"15061 Ortigueira";"81.061"
"15002 Ames";"465.631"
"15012 Boqueixón";"53.157"
"15013 Brión";"107.927"
"15078 Santiago de Compostela";"1.716.645"
"15082 Teo";"293.813"
"15088 Val do Dubra";"51.033"
"15089 Vedra";"66.169"
"15033 Dodro";"33.266"
"15065 Padrón";"107.201"
"15074 Rois";"56.474"
"15046 Melide";"89.394"
"15079 Santiso";"18.326"
"15080 Sobrado";"20.392"
"15083 Toques";"10.849"
"15016 Camariñas";"56.655"
"15092 Vimianzo";"84.992"
"15093 Zas";"56.482"
"15045 Mazaricos";"45.724"
"15077 Santa Comba";"105.348"
"27901 Baralla";"29.309"
"27006 Becerreá";"33.813"
"27012 Cervantes";"14.460"
"27034 Navia de Suarna";"13.620"
"27037 Nogais, As";"11.888"
"27045 Pedrafita do Cebreiro";"12.283"
"27009 Carballedo";"24.641"
"27016 Chantada";"99.320"
"27060 Taboada";"32.475"
"27004 Baleira";"14.795"
"27018 Fonsagrada, A";"45.202"
"27035 Negueira de Muñiz";"1.522"
"27011 Castroverde";"29.447"
"27014 Corgo, O";"42.080"
"27020 Friol";"39.850"
"27023 Guntín";"28.295"
"27028 Lugo";"1.532.612"
"27039 Outeiro de Rei";"64.532"
"27049 Portomarín";"19.989"
"27056 Rábade";"18.306"
"27002 Alfoz do Castrodouro";"21.997"
"27902 Burela";"131.449"
"27019 Foz";"142.099"
"27027 Lourenzá";"29.189"
"27030 Mondoñedo";"49.587"
"27063 Valadouro, O";"24.695"
"27013 Cervo";"63.663"
"27038 Ourol";"11.219"
"27064 Vicedo, O";"21.275"
"27066 Viveiro";"218.234"
"27025 Xove";"46.339"
"27005 Barreiros";"39.974"
"27048 Pontenova, A";"31.404"
"27051 Ribadeo";"146.101"
"27061 Trabada";"14.796"
"27029 Meira";"24.478"
"27046 Pol";"19.369"
"27053 Ribeira de Piquín, A";"6.200"
"27054 Riotorto";"16.435"
"27017 Folgoso do Courel";"11.071"
"27050 Quiroga";"36.979"
"27052 Ribas de Sil";"10.765"
"27024 Incio, O";"18.279"
"27026 Láncara";"27.920"
"27042 Paradela";"19.597"
"27043 Páramo, O";"14.040"
"27055 Samos";"15.136"
"27057 Sarria";"168.850"
"27062 Triacastela";"7.000"
"27001 Abadín";"30.329"
"27007 Begonte";"35.075"
"27010 Castro de Rei";"58.075"
"27015 Cospeito";"54.679"
"27022 Guitiriz";"66.900"
"27033 Muras";"7.561"
"27044 Pastoriza";"35.722"
"27065 Vilalba";"185.559"
"27021 Xermade";"26.464"
"27008 Bóveda";"16.504"
"27031 Monforte de Lemos";"231.733"
"27041 Pantón";"26.095"
"27047 Pobra do Brollón, A";"18.660"
"27058 Saviñao, O";"43.937"
"27059 Sober";"21.728"
"27003 Antas de Ulla";"21.605"
"27032 Monterroso";"44.389"
"27040 Palas de Rei";"39.046"
"32001 Allariz";"76.440"
"32007 Baños de Molgas";"16.920"
"32043 Maceda";"34.709"
"32055 Paderne de Allariz";"15.336"
"32036 Xunqueira de Ambía";"15.100"
"32037 Xunqueira de Espadanedo";"8.476"
"32006 Bande";"18.269"
"32030 Entrimo";"11.407"
"32041 Lobeira";"7.910"
"32042 Lobios";"18.601"
"32051 Muíños";"12.890"
"32011 Beariz";"8.040"
"32013 Boborás";"21.453"
"32019 Carballiño, O";"169.076"
"32035 Irixo, O";"14.310"
"32045 Maside";"27.629"
"32061 Piñor";"12.577"
"32065 Punxín";"7.927"
"32074 San Amaro";"11.114"
"32076 San Cristovo de Cea";"23.062"
"32005 Baltar";"8.939"
"32012 Blancos, Os";"7.443"
"32016 Calvos de Randín";"8.274"
"32062 Porqueira";"7.196"
"32067 Rairiz de Veiga";"13.305"
"32077 Sandiás";"13.441"
"32078 Sarreaus";"11.018"
"32082 Trasmiras";"12.201"
"32089 Vilar de Barrio";"14.601"
"32090 Vilar de Santos";"8.112"
"32032 Xinzo de Limia";"120.909"
"32002 Amoeiro";"26.382"
"32008 Barbadás";"127.005"
"32026 Coles";"33.653"
"32031 Esgos";"12.071"
"32052 Nogueira de Ramuín";"23.784"
"32054 Ourense";"1.725.708"
"32058 Pereiro de Aguiar, O";"80.600"
"32059 Peroxa, A";"17.054"
"32075 San Cibrao das Viñas";"66.055"
"32079 Taboadela";"17.372"
"32081 Toén";"27.573"
"32087 Vilamarín";"18.534"
"32003 Arnoia, A";"10.981"
"32004 Avión";"16.416"
"32010 Beade";"4.010"
"32018 Carballeda de Avia";"13.085"
"32022 Castrelo de Miño";"15.338"
"32025 Cenlle";"13.600"
"32027 Cortegada";"11.710"
"32040 Leiro";"16.054"
"32046 Melón";"11.631"
"32069 Ribadavia";"62.866"
"32023 Castro de Caldelas, O";"16.969"
"32049 Montederramo";"9.225"
"32057 Parada de Sil";"4.582"
"32080 Teixeira, A";"4.114"
"32014 Bola, A";"10.706"
"32020 Cartelle";"26.645"
"32024 Celanova";"67.807"
"32033 Gomesende";"7.702"
"32047 Merca, A";"22.192"
"32056 Padrenda";"16.824"
"32064 Pontedeva";"4.820"
"32066 Quintela de Leirado";"6.341"
"32068 Ramirás";"15.640"
"32084 Verea";"10.056"
"32029 Chandrexa de Queixa";"4.983"
"32044 Manzaneda";"10.106"
"32063 Pobra de Trives, A";"27.167"
"32070 San Xoán de Río";"6.724"
"32009 Barco de Valdeorras, O";"197.272"
"32015 Bolo, O";"11.599"
"32017 Carballeda de Valdeorras";"16.164"
"32038 Larouco";"5.629"
"32060 Petín";"11.162"
"32072 Rúa, A";"56.918"
"32073 Rubiá";"16.466"
"32083 Veiga, A";"9.969"
"32088 Vilamartín de Valdeorras";"19.382"
"32021 Castrelo do Val";"9.550"
"32028 Cualedro";"15.762"
"32039 Laza";"13.538"
"32050 Monterrei";"25.114"
"32053 Oímbra";"14.797"
"32071 Riós, O";"16.362"
"32085 Verín";"165.945"
"32091 Vilardevós";"18.421"
"32034 Gudiña, A";"15.019"
"32048 Mezquita, A";"12.110"
"32086 Viana do Bolo";"34.951"
"32092 Vilariño de Conso";"5.684"
"36023 Guarda, A";"123.308"
"36036 Oia";"37.331"
"36048 Rosal, O";"72.380"
"36054 Tomiño";"155.249"
"36055 Tui";"199.771"
"36005 Caldas de Reis";"113.100"
"36010 Catoira";"40.713"
"36015 Cuntis";"55.676"
"36032 Moraña";"44.801"
"36044 Pontecesures";"38.435"
"36040 Portas";"31.808"
"36056 Valga";"65.461"
"36030 Mondariz";"47.803"
"36031 Mondariz Balneario";"9.104"
"36034 Neves, As";"39.747"
"36042 Ponteareas";"262.418"
"36050 Salvaterra de Miño";"105.819"
"36020 Agolada";"26.443"
"36016 Dozón";"9.591"
"36024 Lalín";"224.603"
"36047 Rodeiro";"28.931"
"36052 Silleda";"106.005"
"36059 Vila de Cruces";"60.090"
"36004 Bueu";"153.617"
"36008 Cangas de Morrazo";"342.100"
"36026 Marín";"297.698"
"36029 Moaña";"243.488"
"36001 Arbo";"30.692"
"36009 Caniza, A";"53.226"
"36013 Covelo";"24.454"
"36014 Crecente";"19.385"
"36002 Barro";"42.400"
"36007 Campo Lameiro, O";"19.156"
"36902 Cerdedo Cotobade";"-"
"36012 Cotobade";"46.081"
"36025 Lama, A";"21.280"
"36041 Poio";"235.704"
"36043 Ponte Caldelas";"62.596"
"36038 Pontevedra";"1.271.595"
"36058 Vilaboa";"75.687"
"36006 Cambados";"179.434"
"36022 Grove, O";"137.582"
"36901 Illa de Arousa, A";"66.334"
"36027 Meaño";"60.809"
"36028 Meis";"54.140"
"36046 Ribadumia";"58.596"
"36051 Sanxenxo";"233.729"
"36060 Vilagarcía de Arousa";"473.524"
"36061 Vilanova de Arousa";"125.481"
"36011 Cerdedo";"15.103"
"36017 Estrada, A";"241.030"
"36018 Forcarei";"39.434"
"36003 Baiona";"184.953"
"36019 Fornelos de Montes";"17.367"
"36021 Gondomar";"196.808"
"36033 Mos";"187.652"
"36035 Nigrán";"278.178"
"36037 Pazos de Borbén";"32.403"
"36039 Porriño, O";"236.169"
"36045 Redondela";"391.002"
"36049 Salceda de Caselas";"108.870"
"36053 Soutomaior";"90.878"
"36057 Vigo";"4.478.317"
"2017";""
"15006 Arzúa";"77.910"
"15010 Boimorto";"21.018"
"15066 Pino, O";"56.961"
"15085 Touro";"41.019"
"15011 Boiro";"244.420"
"15067 Pobra do Caramiñal, A";"123.797"
"15072 Rianxo";"141.247"
"15073 Ribeira";"349.124"
"15007 Baña, A";"41.571"
"15056 Negreira";"85.616"
"15014 Cabana de Bergantiños";"50.668"
"15019 Carballo";"406.576"
"15029 Coristanco";"71.630"
"15041 Laracha, A";"146.133"
"15040 Laxe";"36.977"
"15043 Malpica de Bergantiños";"66.649"
"15068 Ponteceso";"69.314"
"15003 Aranga";"21.785"
"15009 Betanzos";"187.450"
"15026 Cesuras";"-"
"15027 Coirós";"24.662"
"15032 Curtis";"52.639"
"15039 Irixoa";"17.536"
"15048 Miño";"93.684"
"15063 Oza dos Ríos";"-"
"15902 Oza Cesuras";"69.552"
"15064 Paderne";"33.784"
"15091 Vilarmaior";"16.802"
"15090 Vilasantar";"15.748"
"15001 Abegondo";"75.729"
"15005 Arteixo";"437.529"
"15008 Bergondo";"112.136"
"15017 Cambre";"366.222"
"15021 Carral";"90.694"
"15030 Coruña, A";"4.377.369"
"15031 Culleredo";"472.509"
"15058 Oleiros";"797.161"
"15075 Sada";"244.603"
"15015 Cabanas";"49.081"
"15018 Capela, A";"17.167"
"15050 Monfero";"22.162"
"15069 Pontedeume";"104.912"
"15070 Pontes de García Rodríguez, As";"170.344"
"15004 Ares";"77.729"
"15022 Cedeira";"88.283"
"15035 Fene";"181.593"
"15036 Ferrol";"959.510"
"15049 Moeche";"14.331"
"15051 Mugardos";"69.628"
"15054 Narón";"520.097"
"15055 Neda";"71.456"
"15076 San Sadurniño";"37.114"
"15081 Somozas, As";"15.144"
"15087 Valdoviño";"91.409"
"15023 Cee";"92.747"
"15028 Corcubión";"22.843"
"15034 Dumbría";"33.393"
"15037 Fisterra";"58.590"
"15052 Muxía";"52.683"
"15020 Carnota";"47.939"
"15053 Muros";"102.344"
"15042 Lousame";"37.712"
"15057 Noia";"198.245"
"15062 Outes";"83.435"
"15071 Porto do Son, O";"114.715"
"15024 Cerceda";"65.565"
"15038 Frades";"29.703"
"15047 Mesía";"30.513"
"15059 Ordes";"157.211"
"15060 Oroso";"99.056"
"15084 Tordoia";"40.228"
"15086 Trazo";"39.170"
"15901 Cariño";"49.202"
"15025 Cerdido";"14.365"
"15044 Mañón";"17.159"
"15061 Ortigueira";"80.992"
"15002 Ames";"481.035"
"15012 Boqueixón";"56.696"
"15013 Brión";"112.168"
"15078 Santiago de Compostela";"1.748.776"
"15082 Teo";"302.915"
"15088 Val do Dubra";"52.124"
"15089 Vedra";"68.226"
"15033 Dodro";"33.971"
"15065 Padrón";"111.174"
"15074 Rois";"57.954"
"15046 Melide";"92.549"
"15079 Santiso";"18.336"
"15080 Sobrado";"19.403"
"15083 Toques";"11.299"
"15016 Camariñas";"58.822"
"15092 Vimianzo";"86.149"
"15093 Zas";"56.677"
"15045 Mazaricos";"47.999"
"15077 Santa Comba";"110.440"
"27901 Baralla";"29.182"
"27006 Becerreá";"33.334"
"27012 Cervantes";"14.200"
"27034 Navia de Suarna";"13.354"
"27037 Nogais, As";"11.799"
"27045 Pedrafita do Cebreiro";"12.100"
"27009 Carballedo";"24.394"
"27016 Chantada";"101.451"
"27060 Taboada";"33.200"
"27004 Baleira";"15.047"
"27018 Fonsagrada, A";"43.913"
"27035 Negueira de Muñiz";"1.610"
"27011 Castroverde";"31.356"
"27014 Corgo, O";"42.644"
"27020 Friol";"41.483"
"27023 Guntín";"29.842"
"27028 Lugo";"1.577.123"
"27039 Outeiro de Rei";"67.737"
"27049 Portomarín";"20.842"
"27056 Rábade";"18.320"
"27002 Alfoz do Castrodouro";"21.775"
"27902 Burela";"133.866"
"27019 Foz";"143.681"
"27027 Lourenzá";"27.909"
"27030 Mondoñedo";"49.001"
"27063 Valadouro, O";"25.232"
"27013 Cervo";"65.348"
"27038 Ourol";"10.999"
"27064 Vicedo, O";"21.291"
"27066 Viveiro";"218.968"
"27025 Xove";"43.376"
"27005 Barreiros";"41.742"
"27048 Pontenova, A";"32.957"
"27051 Ribadeo";"146.565"
"27061 Trabada";"14.109"
"27029 Meira";"24.208"
"27046 Pol";"19.545"
"27053 Ribeira de Piquín, A";"6.305"
"27054 Riotorto";"16.577"
"27017 Folgoso do Courel";"11.074"
"27050 Quiroga";"37.727"
"27052 Ribas de Sil";"10.824"
"27024 Incio, O";"18.077"
"27026 Láncara";"28.505"
"27042 Paradela";"19.650"
"27043 Páramo, O";"14.177"
"27055 Samos";"15.280"
"27057 Sarria";"174.521"
"27062 Triacastela";"7.007"
"27001 Abadín";"29.885"
"27007 Begonte";"35.584"
"27010 Castro de Rei";"59.398"
"27015 Cospeito";"56.091"
"27022 Guitiriz";"67.493"
"27033 Muras";"7.974"
"27044 Pastoriza";"37.269"
"27065 Vilalba";"190.579"
"27021 Xermade";"26.504"
"27008 Bóveda";"16.735"
"27031 Monforte de Lemos";"235.596"
"27041 Pantón";"26.318"
"27047 Pobra do Brollón, A";"19.711"
"27058 Saviñao, O";"43.078"
"27059 Sober";"22.852"
"27003 Antas de Ulla";"21.128"
"27032 Monterroso";"46.452"
"27040 Palas de Rei";"39.101"
"32001 Allariz";"78.280"
"32007 Baños de Molgas";"16.833"
"32043 Maceda";"34.659"
"32055 Paderne de Allariz";"15.976"
"32036 Xunqueira de Ambía";"15.110"
"32037 Xunqueira de Espadanedo";"8.134"
"32006 Bande";"18.423"
"32030 Entrimo";"11.642"
"32041 Lobeira";"7.448"
"32042 Lobios";"19.300"
"32051 Muíños";"13.171"
"32011 Beariz";"8.090"
"32013 Boborás";"21.757"
"32019 Carballiño, O";"173.133"
"32035 Irixo, O";"14.754"
"32045 Maside";"27.745"
"32061 Piñor";"12.720"
"32065 Punxín";"7.883"
"32074 San Amaro";"10.986"
"32076 San Cristovo de Cea";"23.949"
"32005 Baltar";"9.850"
"32012 Blancos, Os";"8.074"
"32016 Calvos de Randín";"8.350"
"32062 Porqueira";"7.305"
"32067 Rairiz de Veiga";"13.390"
"32077 Sandiás";"13.150"
"32078 Sarreaus";"11.822"
"32082 Trasmiras";"13.396"
"32089 Vilar de Barrio";"14.500"
"32090 Vilar de Santos";"8.513"
"32032 Xinzo de Limia";"121.837"
"32002 Amoeiro";"27.563"
"32008 Barbadás";"131.776"
"32026 Coles";"34.382"
"32031 Esgos";"12.122"
"32052 Nogueira de Ramuín";"24.517"
"32054 Ourense";"1.728.433"
"32058 Pereiro de Aguiar, O";"85.023"
"32059 Peroxa, A";"17.275"
"32075 San Cibrao das Viñas";"65.059"
"32079 Taboadela";"17.281"
"32081 Toén";"26.884"
"32087 Vilamarín";"18.492"
"32003 Arnoia, A";"10.812"
"32004 Avión";"16.741"
"32010 Beade";"3.980"
"32018 Carballeda de Avia";"13.200"
"32022 Castrelo de Miño";"15.102"
"32025 Cenlle";"13.500"
"32027 Cortegada";"11.478"
"32040 Leiro";"16.497"
"32046 Melón";"11.925"
"32069 Ribadavia";"61.857"
"32023 Castro de Caldelas, O";"16.811"
"32049 Montederramo";"9.035"
"32057 Parada de Sil";"4.383"
"32080 Teixeira, A";"3.982"
"32014 Bola, A";"10.930"
"32020 Cartelle";"26.421"
"32024 Celanova";"68.256"
"32033 Gomesende";"7.709"
"32047 Merca, A";"21.575"
"32056 Padrenda";"16.559"
"32064 Pontedeva";"4.774"
"32066 Quintela de Leirado";"6.177"
"32068 Ramirás";"15.385"
"32084 Verea";"10.040"
"32029 Chandrexa de Queixa";"4.952"
"32044 Manzaneda";"9.493"
"32063 Pobra de Trives, A";"26.665"
"32070 San Xoán de Río";"6.492"
"32009 Barco de Valdeorras, O";"201.903"
"32015 Bolo, O";"11.098"
"32017 Carballeda de Valdeorras";"15.711"
"32038 Larouco";"5.783"
"32060 Petín";"10.215"
"32072 Rúa, A";"57.107"
"32073 Rubiá";"16.494"
"32083 Veiga, A";"10.300"
"32088 Vilamartín de Valdeorras";"19.247"
"32021 Castrelo do Val";"9.644"
"32028 Cualedro";"16.087"
"32039 Laza";"13.802"
"32050 Monterrei";"24.823"
"32053 Oímbra";"14.445"
"32071 Riós, O";"15.825"
"32085 Verín";"166.567"
"32091 Vilardevós";"18.606"
"32034 Gudiña, A";"14.132"
"32048 Mezquita, A";"11.992"
"32086 Viana do Bolo";"34.040"
"32092 Vilariño de Conso";"5.297"
"36023 Guarda, A";"127.923"
"36036 Oia";"39.534"
"36048 Rosal, O";"75.657"
"36054 Tomiño";"160.816"
"36055 Tui";"205.481"
"36005 Caldas de Reis";"115.923"
"36010 Catoira";"42.311"
"36015 Cuntis";"56.905"
"36032 Moraña";"45.659"
"36044 Pontecesures";"39.148"
"36040 Portas";"33.729"
"36056 Valga";"67.266"
"36030 Mondariz";"48.471"
"36031 Mondariz Balneario";"8.996"
"36034 Neves, As";"40.501"
"36042 Ponteareas";"273.132"
"36050 Salvaterra de Miño";"111.197"
"36020 Agolada";"27.554"
"36016 Dozón";"9.562"
"36024 Lalín";"234.220"
"36047 Rodeiro";"30.356"
"36052 Silleda";"113.505"
"36059 Vila de Cruces";"61.618"
"36004 Bueu";"154.917"
"36008 Cangas de Morrazo";"351.255"
"36026 Marín";"301.558"
"36029 Moaña";"257.491"
"36001 Arbo";"32.134"
"36009 Caniza, A";"55.792"
"36013 Covelo";"24.555"
"36014 Crecente";"19.998"
"36002 Barro";"43.594"
"36007 Campo Lameiro, O";"19.589"
"36902 Cerdedo Cotobade";"64.169"
"36012 Cotobade";"-"
"36025 Lama, A";"22.755"
"36041 Poio";"246.519"
"36043 Ponte Caldelas";"63.510"
"36038 Pontevedra";"1.309.864"
"36058 Vilaboa";"78.619"
"36006 Cambados";"183.213"
"36022 Grove, O";"144.821"
"36901 Illa de Arousa, A";"67.085"
"36027 Meaño";"62.844"
"36028 Meis";"56.949"
"36046 Ribadumia";"61.654"
"36051 Sanxenxo";"247.166"
"36060 Vilagarcía de Arousa";"484.407"
"36061 Vilanova de Arousa";"128.572"
"36011 Cerdedo";"-"
"36017 Estrada, A";"251.936"
"36018 Forcarei";"40.706"
"36003 Baiona";"189.015"
"36019 Fornelos de Montes";"17.717"
"36021 Gondomar";"202.815"
"36033 Mos";"194.540"
"36035 Nigrán";"293.915"
"36037 Pazos de Borbén";"33.375"
"36039 Porriño, O";"246.795"
"36045 Redondela";"403.054"
"36049 Salceda de Caselas";"116.996"
"36053 Soutomaior";"94.752"
"36057 Vigo";"4.646.045"
"2018";""
"15006 Arzúa";"80.144"
"15010 Boimorto";"21.549"
"15066 Pino, O";"59.091"
"15085 Touro";"41.783"
"15011 Boiro";"256.384"
"15067 Pobra do Caramiñal, A";"127.334"
"15072 Rianxo";"145.947"
"15073 Ribeira";"379.657"
"15007 Baña, A";"42.754"
"15056 Negreira";"89.423"
"15014 Cabana de Bergantiños";"51.406"
"15019 Carballo";"413.853"
"15029 Coristanco";"73.970"
"15041 Laracha, A";"149.595"
"15040 Laxe";"38.740"
"15043 Malpica de Bergantiños";"68.274"
"15068 Ponteceso";"71.138"
"15003 Aranga";"23.171"
"15009 Betanzos";"195.392"
"15026 Cesuras";"-"
"15027 Coirós";"25.363"
"15032 Curtis";"55.626"
"15039 Irixoa";"18.492"
"15048 Miño";"98.760"
"15063 Oza dos Ríos";"-"
"15902 Oza Cesuras";"71.407"
"15064 Paderne";"34.760"
"15091 Vilarmaior";"17.357"
"15090 Vilasantar";"16.376"
"15001 Abegondo";"77.876"
"15005 Arteixo";"456.009"
"15008 Bergondo";"118.727"
"15017 Cambre";"390.889"
"15021 Carral";"96.009"
"15030 Coruña, A";"4.486.797"
"15031 Culleredo";"490.533"
"15058 Oleiros";"806.501"
"15075 Sada";"253.806"
"15015 Cabanas";"50.692"
"15018 Capela, A";"17.856"
"15050 Monfero";"23.448"
"15069 Pontedeume";"108.282"
"15070 Pontes de García Rodríguez, As";"172.748"
"15004 Ares";"82.409"
"15022 Cedeira";"90.783"
"15035 Fene";"187.882"
"15036 Ferrol";"969.999"
"15049 Moeche";"15.349"
"15051 Mugardos";"72.741"
"15054 Narón";"542.005"
"15055 Neda";"74.745"
"15076 San Sadurniño";"38.454"
"15081 Somozas, As";"15.932"
"15087 Valdoviño";"95.238"
"15023 Cee";"96.828"
"15028 Corcubión";"23.534"
"15034 Dumbría";"34.690"
"15037 Fisterra";"56.468"
"15052 Muxía";"52.796"
"15020 Carnota";"48.837"
"15053 Muros";"104.549"
"15042 Lousame";"39.351"
"15057 Noia";"205.050"
"15062 Outes";"86.267"
"15071 Porto do Son, O";"120.439"
"15024 Cerceda";"68.171"
"15038 Frades";"30.156"
"15047 Mesía";"29.872"
"15059 Ordes";"162.387"
"15060 Oroso";"103.289"
"15084 Tordoia";"41.248"
"15086 Trazo";"40.287"
"15901 Cariño";"48.964"
"15025 Cerdido";"13.495"
"15044 Mañón";"17.505"
"15061 Ortigueira";"81.003"
"15002 Ames";"502.907"
"15012 Boqueixón";"58.473"
"15013 Brión";"118.867"
"15078 Santiago de Compostela";"1.785.288"
"15082 Teo";"315.048"
"15088 Val do Dubra";"53.981"
"15089 Vedra";"69.932"
"15033 Dodro";"34.832"
"15065 Padrón";"112.852"
"15074 Rois";"59.079"
"15046 Melide";"95.435"
"15079 Santiso";"19.033"
"15080 Sobrado";"20.115"
"15083 Toques";"11.213"
"15016 Camariñas";"58.962"
"15092 Vimianzo";"91.166"
"15093 Zas";"57.843"
"15045 Mazaricos";"48.772"
"15077 Santa Comba";"114.773"
"27901 Baralla";"29.088"
"27006 Becerreá";"35.236"
"27012 Cervantes";"16.382"
"27034 Navia de Suarna";"13.763"
"27037 Nogais, As";"11.554"
"27045 Pedrafita do Cebreiro";"11.888"
"27009 Carballedo";"25.835"
"27016 Chantada";"103.470"
"27060 Taboada";"33.893"
"27004 Baleira";"15.272"
"27018 Fonsagrada, A";"45.675"
"27035 Negueira de Muñiz";"1.553"
"27011 Castroverde";"31.911"
"27014 Corgo, O";"41.914"
"27020 Friol";"43.887"
"27023 Guntín";"30.304"
"27028 Lugo";"1.616.308"
"27039 Outeiro de Rei";"71.360"
"27049 Portomarín";"19.999"
"27056 Rábade";"18.455"
"27002 Alfoz do Castrodouro";"22.207"
"27902 Burela";"138.761"
"27019 Foz";"150.893"
"27027 Lourenzá";"27.665"
"27030 Mondoñedo";"48.193"
"27063 Valadouro, O";"26.010"
"27013 Cervo";"66.046"
"27038 Ourol";"10.543"
"27064 Vicedo, O";"23.198"
"27066 Viveiro";"225.326"
"27025 Xove";"45.456"
"27005 Barreiros";"43.424"
"27048 Pontenova, A";"30.439"
"27051 Ribadeo";"149.790"
"27061 Trabada";"14.427"
"27029 Meira";"24.113"
"27046 Pol";"20.710"
"27053 Ribeira de Piquín, A";"6.398"
"27054 Riotorto";"16.559"
"27017 Folgoso do Courel";"11.611"
"27050 Quiroga";"39.703"
"27052 Ribas de Sil";"10.983"
"27024 Incio, O";"18.770"
"27026 Láncara";"30.330"
"27042 Paradela";"20.374"
"27043 Páramo, O";"14.453"
"27055 Samos";"14.825"
"27057 Sarria";"180.811"
"27062 Triacastela";"7.311"
"27001 Abadín";"30.340"
"27007 Begonte";"36.908"
"27010 Castro de Rei";"60.147"
"27015 Cospeito";"57.115"
"27022 Guitiriz";"70.821"
"27033 Muras";"7.795"
"27044 Pastoriza";"37.443"
"27065 Vilalba";"194.064"
"27021 Xermade";"27.361"
"27008 Bóveda";"17.422"
"27031 Monforte de Lemos";"242.492"
"27041 Pantón";"27.366"
"27047 Pobra do Brollón, A";"19.260"
"27058 Saviñao, O";"43.131"
"27059 Sober";"22.844"
"27003 Antas de Ulla";"22.142"
"27032 Monterroso";"46.460"
"27040 Palas de Rei";"40.472"
"32001 Allariz";"82.584"
"32007 Baños de Molgas";"17.246"
"32043 Maceda";"35.450"
"32055 Paderne de Allariz";"16.678"
"32036 Xunqueira de Ambía";"17.356"
"32037 Xunqueira de Espadanedo";"8.192"
"32006 Bande";"18.249"
"32030 Entrimo";"11.771"
"32041 Lobeira";"7.166"
"32042 Lobios";"18.565"
"32051 Muíños";"12.962"
"32011 Beariz";"8.134"
"32013 Boborás";"22.229"
"32019 Carballiño, O";"181.112"
"32035 Irixo, O";"15.593"
"32045 Maside";"29.169"
"32061 Piñor";"13.276"
"32065 Punxín";"8.180"
"32074 San Amaro";"11.271"
"32076 San Cristovo de Cea";"23.351"
"32005 Baltar";"9.872"
"32012 Blancos, Os";"8.249"
"32016 Calvos de Randín";"8.224"
"32062 Porqueira";"7.514"
"32067 Rairiz de Veiga";"13.229"
"32077 Sandiás";"13.925"
"32078 Sarreaus";"12.197"
"32082 Trasmiras";"13.047"
"32089 Vilar de Barrio";"14.723"
"32090 Vilar de Santos";"8.436"
"32032 Xinzo de Limia";"125.961"
"32002 Amoeiro";"29.135"
"32008 Barbadás";"140.089"
"32026 Coles";"36.222"
"32031 Esgos";"12.733"
"32052 Nogueira de Ramuín";"24.954"
"32054 Ourense";"1.783.470"
"32058 Pereiro de Aguiar, O";"88.999"
"32059 Peroxa, A";"17.350"
"32075 San Cibrao das Viñas";"67.980"
"32079 Taboadela";"18.269"
"32081 Toén";"27.871"
"32087 Vilamarín";"18.795"
"32003 Arnoia, A";"10.827"
"32004 Avión";"16.788"
"32010 Beade";"4.483"
"32018 Carballeda de Avia";"13.460"
"32022 Castrelo de Miño";"15.087"
"32025 Cenlle";"13.839"
"32027 Cortegada";"12.109"
"32040 Leiro";"16.933"
"32046 Melón";"12.550"
"32069 Ribadavia";"64.242"
"32023 Castro de Caldelas, O";"17.286"
"32049 Montederramo";"9.446"
"32057 Parada de Sil";"4.773"
"32080 Teixeira, A";"4.069"
"32014 Bola, A";"11.522"
"32020 Cartelle";"27.299"
"32024 Celanova";"70.241"
"32033 Gomesende";"7.463"
"32047 Merca, A";"22.282"
"32056 Padrenda";"16.719"
"32064 Pontedeva";"5.099"
"32066 Quintela de Leirado";"5.990"
"32068 Ramirás";"16.051"
"32084 Verea";"10.551"
"32029 Chandrexa de Queixa";"5.401"
"32044 Manzaneda";"9.800"
"32063 Pobra de Trives, A";"27.781"
"32070 San Xoán de Río";"6.460"
"32009 Barco de Valdeorras, O";"206.233"
"32015 Bolo, O";"11.255"
"32017 Carballeda de Valdeorras";"16.306"
"32038 Larouco";"5.697"
"32060 Petín";"10.667"
"32072 Rúa, A";"58.498"
"32073 Rubiá";"17.197"
"32083 Veiga, A";"10.973"
"32088 Vilamartín de Valdeorras";"20.331"
"32021 Castrelo do Val";"9.802"
"32028 Cualedro";"16.369"
"32039 Laza";"13.894"
"32050 Monterrei";"26.311"
"32053 Oímbra";"14.878"
"32071 Riós, O";"16.869"
"32085 Verín";"171.437"
"32091 Vilardevós";"19.864"
"32034 Gudiña, A";"15.026"
"32048 Mezquita, A";"12.192"
"32086 Viana do Bolo";"36.370"
"32092 Vilariño de Conso";"5.563"
"36023 Guarda, A";"128.875"
"36036 Oia";"38.980"
"36048 Rosal, O";"79.043"
"36054 Tomiño";"168.823"
"36055 Tui";"214.877"
"36005 Caldas de Reis";"122.588"
"36010 Catoira";"44.256"
"36015 Cuntis";"59.011"
"36032 Moraña";"48.779"
"36044 Pontecesures";"41.467"
"36040 Portas";"34.695"
"36056 Valga";"70.654"
"36030 Mondariz";"50.357"
"36031 Mondariz Balneario";"8.534"
"36034 Neves, As";"43.356"
"36042 Ponteareas";"285.372"
"36050 Salvaterra de Miño";"118.667"
"36020 Agolada";"27.253"
"36016 Dozón";"10.607"
"36024 Lalín";"240.310"
"36047 Rodeiro";"31.309"
"36052 Silleda";"112.992"
"36059 Vila de Cruces";"60.439"
"36004 Bueu";"164.635"
"36008 Cangas de Morrazo";"368.673"
"36026 Marín";"311.169"
"36029 Moaña";"270.514"
"36001 Arbo";"32.568"
"36009 Caniza, A";"58.176"
"36013 Covelo";"25.334"
"36014 Crecente";"20.590"
"36002 Barro";"46.369"
"36007 Campo Lameiro, O";"20.886"
"36902 Cerdedo Cotobade";"66.117"
"36012 Cotobade";"-"
"36025 Lama, A";"22.496"
"36041 Poio";"266.843"
"36043 Ponte Caldelas";"66.764"
"36038 Pontevedra";"1.348.513"
"36058 Vilaboa";"80.119"
"36006 Cambados";"189.938"
"36022 Grove, O";"147.787"
"36901 Illa de Arousa, A";"67.589"
"36027 Meaño";"65.838"
"36028 Meis";"59.061"
"36046 Ribadumia";"64.546"
"36051 Sanxenxo";"258.567"
"36060 Vilagarcía de Arousa";"499.462"
"36061 Vilanova de Arousa";"132.190"
"36011 Cerdedo";"-"
"36017 Estrada, A";"258.750"
"36018 Forcarei";"40.039"
"36003 Baiona";"198.574"
"36019 Fornelos de Montes";"17.869"
"36021 Gondomar";"212.832"
"36033 Mos";"200.428"
"36035 Nigrán";"305.175"
"36037 Pazos de Borbén";"35.726"
"36039 Porriño, O";"256.890"
"36045 Redondela";"416.390"
"36049 Salceda de Caselas";"123.869"
"36053 Soutomaior";"100.056"
"36057 Vigo";"4.738.478"
"2019";""
"15006 Arzúa";"83.657"
"15010 Boimorto";"22.466"
"15066 Pino, O";"62.569"
"15085 Touro";"42.443"
"15011 Boiro";"268.666"
"15067 Pobra do Caramiñal, A";"130.823"
"15072 Rianxo";"153.229"
"15073 Ribeira";"394.072"
"15007 Baña, A";"44.027"
"15056 Negreira";"94.239"
"15014 Cabana de Bergantiños";"54.191"
"15019 Carballo";"438.717"
"15029 Coristanco";"75.719"
"15041 Laracha, A";"159.810"
"15040 Laxe";"39.919"
"15043 Malpica de Bergantiños";"70.270"
"15068 Ponteceso";"72.857"
"15003 Aranga";"23.702"
"15009 Betanzos";"204.428"
"15026 Cesuras";"-"
"15027 Coirós";"26.659"
"15032 Curtis";"58.798"
"15039 Irixoa";"19.300"
"15048 Miño";"109.675"
"15063 Oza dos Ríos";"-"
"15902 Oza Cesuras";"74.398"
"15064 Paderne";"36.076"
"15091 Vilarmaior";"17.762"
"15090 Vilasantar";"17.025"
"15001 Abegondo";"85.308"
"15005 Arteixo";"485.675"
"15008 Bergondo";"123.013"
"15017 Cambre";"688.079"
"15021 Carral";"100.641"
"15030 Coruña, A";"4.952.267"
"15031 Culleredo";"531.337"
"15058 Oleiros";"919.609"
"15075 Sada";"273.927"
"15015 Cabanas";"52.611"
"15018 Capela, A";"18.432"
"15050 Monfero";"24.886"
"15069 Pontedeume";"114.930"
"15070 Pontes de García Rodríguez, As";"169.403"
"15004 Ares";"90.669"
"15022 Cedeira";"92.153"
"15035 Fene";"193.812"
"15036 Ferrol";"1.016.979"
"15049 Moeche";"16.366"
"15051 Mugardos";"78.208"
"15054 Narón";"572.078"
"15055 Neda";"77.762"
"15076 San Sadurniño";"39.796"
"15081 Somozas, As";"16.425"
"15087 Valdoviño";"101.827"
"15023 Cee";"100.776"
"15028 Corcubión";"24.707"
"15034 Dumbría";"35.896"
"15037 Fisterra";"58.927"
"15052 Muxía";"54.299"
"15020 Carnota";"49.057"
"15053 Muros";"108.228"
"15042 Lousame";"40.128"
"15057 Noia";"211.877"
"15062 Outes";"89.208"
"15071 Porto do Son, O";"128.246"
"15024 Cerceda";"70.147"
"15038 Frades";"30.350"
"15047 Mesía";"30.525"
"15059 Ordes";"169.355"
"15060 Oroso";"106.801"
"15084 Tordoia";"40.416"
"15086 Trazo";"40.484"
"15901 Cariño";"50.983"
"15025 Cerdido";"14.872"
"15044 Mañón";"17.295"
"15061 Ortigueira";"81.917"
"15002 Ames";"542.354"
"15012 Boqueixón";"60.949"
"15013 Brión";"129.435"
"15078 Santiago de Compostela";"1.888.044"
"15082 Teo";"327.834"
"15088 Val do Dubra";"56.545"
"15089 Vedra";"73.385"
"15033 Dodro";"37.084"
"15065 Padrón";"124.340"
"15074 Rois";"60.977"
"15046 Melide";"98.044"
"15079 Santiso";"18.312"
"15080 Sobrado";"21.228"
"15083 Toques";"11.223"
"15016 Camariñas";"59.967"
"15092 Vimianzo";"93.145"
"15093 Zas";"60.058"
"15045 Mazaricos";"49.907"
"15077 Santa Comba";"120.831"
"27901 Baralla";"29.776"
"27006 Becerreá";"35.563"
"27012 Cervantes";"15.888"
"27034 Navia de Suarna";"13.711"
"27037 Nogais, As";"11.773"
"27045 Pedrafita do Cebreiro";"11.589"
"27009 Carballedo";"26.367"
"27016 Chantada";"107.679"
"27060 Taboada";"34.087"
"27004 Baleira";"15.371"
"27018 Fonsagrada, A";"45.034"
"27035 Negueira de Muñiz";"1.682"
"27011 Castroverde";"33.445"
"27014 Corgo, O";"45.883"
"27020 Friol";"42.757"
"27023 Guntín";"30.610"
"27028 Lugo";"1.687.806"
"27039 Outeiro de Rei";"78.243"
"27049 Portomarín";"20.302"
"27056 Rábade";"19.497"
"27002 Alfoz do Castrodouro";"22.608"
"27902 Burela";"142.138"
"27019 Foz";"157.730"
"27027 Lourenzá";"28.567"
"27030 Mondoñedo";"49.646"
"27063 Valadouro, O";"27.306"
"27013 Cervo";"65.958"
"27038 Ourol";"10.693"
"27064 Vicedo, O";"23.217"
"27066 Viveiro";"237.026"
"27025 Xove";"45.075"
"27005 Barreiros";"46.091"
"27048 Pontenova, A";"31.005"
"27051 Ribadeo";"156.242"
"27061 Trabada";"14.516"
"27029 Meira";"25.959"
"27046 Pol";"21.195"
"27053 Ribeira de Piquín, A";"6.251"
"27054 Riotorto";"16.190"
"27017 Folgoso do Courel";"10.988"
"27050 Quiroga";"42.449"
"27052 Ribas de Sil";"11.338"
"27024 Incio, O";"17.450"
"27026 Láncara";"30.824"
"27042 Paradela";"19.795"
"27043 Páramo, O";"14.345"
"27055 Samos";"14.170"
"27057 Sarria";"189.137"
"27062 Triacastela";"6.618"
"27001 Abadín";"31.309"
"27007 Begonte";"38.829"
"27010 Castro de Rei";"62.767"
"27015 Cospeito";"58.110"
"27022 Guitiriz";"71.269"
"27033 Muras";"7.895"
"27044 Pastoriza";"38.432"
"27065 Vilalba";"199.928"
"27021 Xermade";"26.349"
"27008 Bóveda";"17.281"
"27031 Monforte de Lemos";"252.471"
"27041 Pantón";"28.454"
"27047 Pobra do Brollón, A";"19.696"
"27058 Saviñao, O";"42.493"
"27059 Sober";"23.437"
"27003 Antas de Ulla";"22.563"
"27032 Monterroso";"49.539"
"27040 Palas de Rei";"42.481"
"32001 Allariz";"89.677"
"32007 Baños de Molgas";"16.724"
"32043 Maceda";"36.083"
"32055 Paderne de Allariz";"16.842"
"32036 Xunqueira de Ambía";"16.393"
"32037 Xunqueira de Espadanedo";"9.283"
"32006 Bande";"18.138"
"32030 Entrimo";"12.234"
"32041 Lobeira";"7.695"
"32042 Lobios";"18.952"
"32051 Muíños";"13.251"
"32011 Beariz";"8.216"
"32013 Boborás";"22.200"
"32019 Carballiño, O";"192.035"
"32035 Irixo, O";"14.878"
"32045 Maside";"30.308"
"32061 Piñor";"13.259"
"32065 Punxín";"7.805"
"32074 San Amaro";"11.948"
"32076 San Cristovo de Cea";"23.488"
"32005 Baltar";"9.475"
"32012 Blancos, Os";"7.915"
"32016 Calvos de Randín";"8.580"
"32062 Porqueira";"7.566"
"32067 Rairiz de Veiga";"13.577"
"32077 Sandiás";"12.812"
"32078 Sarreaus";"12.392"
"32082 Trasmiras";"13.656"
"32089 Vilar de Barrio";"13.937"
"32090 Vilar de Santos";"9.337"
"32032 Xinzo de Limia";"132.661"
"32002 Amoeiro";"30.529"
"32008 Barbadás";"150.332"
"32026 Coles";"37.177"
"32031 Esgos";"13.886"
"32052 Nogueira de Ramuín";"25.402"
"32054 Ourense";"1.868.181"
"32058 Pereiro de Aguiar, O";"89.988"
"32059 Peroxa, A";"17.744"
"32075 San Cibrao das Viñas";"72.367"
"32079 Taboadela";"19.126"
"32081 Toén";"30.013"
"32087 Vilamarín";"19.514"
"32003 Arnoia, A";"11.178"
"32004 Avión";"16.656"
"32010 Beade";"4.709"
"32018 Carballeda de Avia";"13.283"
"32022 Castrelo de Miño";"16.229"
"32025 Cenlle";"14.430"
"32027 Cortegada";"12.314"
"32040 Leiro";"17.049"
"32046 Melón";"12.423"
"32069 Ribadavia";"65.795"
"32023 Castro de Caldelas, O";"18.010"
"32049 Montederramo";"8.924"
"32057 Parada de Sil";"4.740"
"32080 Teixeira, A";"4.106"
"32014 Bola, A";"11.538"
"32020 Cartelle";"27.262"
"32024 Celanova";"74.205"
"32033 Gomesende";"7.466"
"32047 Merca, A";"22.999"
"32056 Padrenda";"16.586"
"32064 Pontedeva";"5.053"
"32066 Quintela de Leirado";"6.113"
"32068 Ramirás";"16.457"
"32084 Verea";"9.923"
"32029 Chandrexa de Queixa";"4.856"
"32044 Manzaneda";"9.933"
"32063 Pobra de Trives, A";"29.866"
"32070 San Xoán de Río";"6.385"
"32009 Barco de Valdeorras, O";"212.717"
"32015 Bolo, O";"10.963"
"32017 Carballeda de Valdeorras";"15.944"
"32038 Larouco";"5.888"
"32060 Petín";"11.473"
"32072 Rúa, A";"59.070"
"32073 Rubiá";"17.680"
"32083 Veiga, A";"11.141"
"32088 Vilamartín de Valdeorras";"21.150"
"32021 Castrelo do Val";"9.869"
"32028 Cualedro";"17.173"
"32039 Laza";"13.683"
"32050 Monterrei";"26.299"
"32053 Oímbra";"15.588"
"32071 Riós, O";"15.868"
"32085 Verín";"178.389"
"32091 Vilardevós";"18.925"
"32034 Gudiña, A";"15.442"
"32048 Mezquita, A";"12.761"
"32086 Viana do Bolo";"35.672"
"32092 Vilariño de Conso";"5.660"
"36023 Guarda, A";"135.698"
"36036 Oia";"40.762"
"36048 Rosal, O";"83.104"
"36054 Tomiño";"179.980"
"36055 Tui";"229.177"
"36005 Caldas de Reis";"129.902"
"36010 Catoira";"45.703"
"36015 Cuntis";"63.211"
"36032 Moraña";"53.910"
"36044 Pontecesures";"45.059"
"36040 Portas";"36.859"
"36056 Valga";"74.467"
"36030 Mondariz";"54.028"
"36031 Mondariz Balneario";"8.872"
"36034 Neves, As";"45.931"
"36042 Ponteareas";"302.579"
"36050 Salvaterra de Miño";"127.168"
"36020 Agolada";"27.964"
"36016 Dozón";"10.700"
"36024 Lalín";"253.262"
"36047 Rodeiro";"30.859"
"36052 Silleda";"118.303"
"36059 Vila de Cruces";"62.758"
"36004 Bueu";"170.167"
"36008 Cangas de Morrazo";"383.016"
"36026 Marín";"323.121"
"36029 Moaña";"278.027"
"36001 Arbo";"34.101"
"36009 Caniza, A";"60.070"
"36013 Covelo";"27.712"
"36014 Crecente";"21.028"
"36002 Barro";"50.231"
"36007 Campo Lameiro, O";"22.633"
"36902 Cerdedo Cotobade";"68.852"
"36012 Cotobade";"-"
"36025 Lama, A";"24.137"
"36041 Poio";"283.194"
"36043 Ponte Caldelas";"70.507"
"36038 Pontevedra";"1.417.629"
"36058 Vilaboa";"85.075"
"36006 Cambados";"200.974"
"36022 Grove, O";"159.513"
"36901 Illa de Arousa, A";"69.719"
"36027 Meaño";"69.247"
"36028 Meis";"62.282"
"36046 Ribadumia";"69.879"
"36051 Sanxenxo";"278.943"
"36060 Vilagarcía de Arousa";"532.842"
"36061 Vilanova de Arousa";"137.517"
"36011 Cerdedo";"-"
"36017 Estrada, A";"270.351"
"36018 Forcarei";"40.995"
"36003 Baiona";"210.259"
"36019 Fornelos de Montes";"18.615"
"36021 Gondomar";"225.721"
"36033 Mos";"207.890"
"36035 Nigrán";"325.797"
"36037 Pazos de Borbén";"36.274"
"36039 Porriño, O";"272.102"
"36045 Redondela";"430.954"
"36049 Salceda de Caselas";"133.190"
"36053 Soutomaior";"102.943"
"36057 Vigo";"4.897.876"
"2020";""
"15006 Arzúa";"79.398"
"15010 Boimorto";"22.529"
"15066 Pino, O";"60.137"
"15085 Touro";"42.601"
"15011 Boiro";"278.060"
"15067 Pobra do Caramiñal, A";"133.020"
"15072 Rianxo";"146.888"
"15073 Ribeira";"371.330"
"15007 Baña, A";"44.732"
"15056 Negreira";"93.781"
"15014 Cabana de Bergantiños";"53.982"
"15019 Carballo";"437.376"
"15029 Coristanco";"75.985"
"15041 Laracha, A";"158.151"
"15040 Laxe";"39.270"
"15043 Malpica de Bergantiños";"69.997"
"15068 Ponteceso";"72.291"
"15003 Aranga";"24.670"
"15009 Betanzos";"202.388"
"15026 Cesuras";"-"
"15027 Coirós";"27.223"
"15032 Curtis";"60.322"
"15039 Irixoa";"18.397"
"15048 Miño";"110.344"
"15063 Oza dos Ríos";"-"
"15902 Oza Cesuras";"75.175"
"15064 Paderne";"36.640"
"15091 Vilarmaior";"18.601"
"15090 Vilasantar";"16.805"
"15001 Abegondo";"84.596"
"15005 Arteixo";"486.034"
"15008 Bergondo";"122.632"
"15017 Cambre";"410.930"
"15021 Carral";"99.399"
"15030 Coruña, A";"4.631.554"
"15031 Culleredo";"522.706"
"15058 Oleiros";"851.562"
"15075 Sada";"280.438"
"15015 Cabanas";"51.933"
"15018 Capela, A";"18.440"
"15050 Monfero";"25.340"
"15069 Pontedeume";"112.421"
"15070 Pontes de García Rodríguez, As";"167.250"
"15004 Ares";"93.618"
"15022 Cedeira";"89.920"
"15035 Fene";"190.598"
"15036 Ferrol";"1.003.715"
"15049 Moeche";"16.063"
"15051 Mugardos";"78.629"
"15054 Narón";"567.672"
"15055 Neda";"76.408"
"15076 San Sadurniño";"39.773"
"15081 Somozas, As";"15.097"
"15087 Valdoviño";"103.382"
"15023 Cee";"98.385"
"15028 Corcubión";"24.265"
"15034 Dumbría";"35.468"
"15037 Fisterra";"55.196"
"15052 Muxía";"54.721"
"15020 Carnota";"48.299"
"15053 Muros";"105.439"
"15042 Lousame";"39.833"
"15057 Noia";"204.604"
"15062 Outes";"84.504"
"15071 Porto do Son, O";"122.630"
"15024 Cerceda";"71.947"
"15038 Frades";"31.081"
"15047 Mesía";"30.639"
"15059 Ordes";"169.420"
"15060 Oroso";"106.611"
"15084 Tordoia";"40.981"
"15086 Trazo";"40.523"
"15901 Cariño";"49.754"
"15025 Cerdido";"14.356"
"15044 Mañón";"17.322"
"15061 Ortigueira";"82.212"
"15002 Ames";"541.053"
"15012 Boqueixón";"66.750"
"15013 Brión";"128.344"
"15078 Santiago de Compostela";"1.887.294"
"15082 Teo";"336.341"
"15088 Val do Dubra";"57.096"
"15089 Vedra";"75.960"
"15033 Dodro";"36.712"
"15065 Padrón";"115.427"
"15074 Rois";"60.617"
"15046 Melide";"95.449"
"15079 Santiso";"18.571"
"15080 Sobrado";"21.444"
"15083 Toques";"10.816"
"15016 Camariñas";"60.020"
"15092 Vimianzo";"91.066"
"15093 Zas";"58.406"
"15045 Mazaricos";"49.175"
"15077 Santa Comba";"120.787"
"27901 Baralla";"29.170"
"27006 Becerreá";"34.786"
"27012 Cervantes";"14.647"
"27034 Navia de Suarna";"13.596"
"27037 Nogais, As";"11.696"
"27045 Pedrafita do Cebreiro";"10.897"
"27009 Carballedo";"26.927"
"27016 Chantada";"106.808"
"27060 Taboada";"35.268"
"27004 Baleira";"14.942"
"27018 Fonsagrada, A";"44.441"
"27035 Negueira de Muñiz";"1.695"
"27011 Castroverde";"33.533"
"27014 Corgo, O";"46.025"
"27020 Friol";"43.426"
"27023 Guntín";"31.620"
"27028 Lugo";"1.691.191"
"27039 Outeiro de Rei";"80.091"
"27049 Portomarín";"18.486"
"27056 Rábade";"19.311"
"27002 Alfoz do Castrodouro";"22.212"
"27902 Burela";"141.100"
"27019 Foz";"156.254"
"27027 Lourenzá";"28.349"
"27030 Mondoñedo";"48.751"
"27063 Valadouro, O";"26.241"
"27013 Cervo";"65.200"
"27038 Ourol";"11.143"
"27064 Vicedo, O";"23.440"
"27066 Viveiro";"230.931"
"27025 Xove";"45.428"
"27005 Barreiros";"45.136"
"27048 Pontenova, A";"30.699"
"27051 Ribadeo";"151.356"
"27061 Trabada";"13.935"
"27029 Meira";"25.667"
"27046 Pol";"22.341"
"27053 Ribeira de Piquín, A";"6.177"
"27054 Riotorto";"16.653"
"27017 Folgoso do Courel";"11.328"
"27050 Quiroga";"41.874"
"27052 Ribas de Sil";"10.983"
"27024 Incio, O";"17.519"
"27026 Láncara";"30.038"
"27042 Paradela";"19.413"
"27043 Páramo, O";"14.352"
"27055 Samos";"13.822"
"27057 Sarria";"183.880"
"27062 Triacastela";"6.462"
"27001 Abadín";"33.506"
"27007 Begonte";"38.221"
"27010 Castro de Rei";"64.243"
"27015 Cospeito";"58.634"
"27022 Guitiriz";"70.015"
"27033 Muras";"7.909"
"27044 Pastoriza";"37.990"
"27065 Vilalba";"196.172"
"27021 Xermade";"26.488"
"27008 Bóveda";"17.611"
"27031 Monforte de Lemos";"251.975"
"27041 Pantón";"27.764"
"27047 Pobra do Brollón, A";"20.629"
"27058 Saviñao, O";"41.321"
"27059 Sober";"22.659"
"27003 Antas de Ulla";"23.010"
"27032 Monterroso";"50.362"
"27040 Palas de Rei";"41.326"
"32001 Allariz";"89.378"
"32007 Baños de Molgas";"17.518"
"32043 Maceda";"36.430"
"32055 Paderne de Allariz";"16.873"
"32036 Xunqueira de Ambía";"16.243"
"32037 Xunqueira de Espadanedo";"9.308"
"32006 Bande";"17.914"
"32030 Entrimo";"12.136"
"32041 Lobeira";"7.497"
"32042 Lobios";"18.418"
"32051 Muíños";"13.523"
"32011 Beariz";"8.384"
"32013 Boborás";"22.172"
"32019 Carballiño, O";"184.795"
"32035 Irixo, O";"14.318"
"32045 Maside";"29.400"
"32061 Piñor";"13.410"
"32065 Punxín";"9.250"
"32074 San Amaro";"11.788"
"32076 San Cristovo de Cea";"23.627"
"32005 Baltar";"9.629"
"32012 Blancos, Os";"7.867"
"32016 Calvos de Randín";"8.143"
"32062 Porqueira";"7.621"
"32067 Rairiz de Veiga";"13.538"
"32077 Sandiás";"12.961"
"32078 Sarreaus";"12.608"
"32082 Trasmiras";"13.489"
"32089 Vilar de Barrio";"14.209"
"32090 Vilar de Santos";"8.950"
"32032 Xinzo de Limia";"134.314"
"32002 Amoeiro";"31.631"
"32008 Barbadás";"152.452"
"32026 Coles";"39.774"
"32031 Esgos";"13.780"
"32052 Nogueira de Ramuín";"26.045"
"32054 Ourense";"1.854.631"
"32058 Pereiro de Aguiar, O";"93.791"
"32059 Peroxa, A";"17.733"
"32075 San Cibrao das Viñas";"74.984"
"32079 Taboadela";"19.670"
"32081 Toén";"31.738"
"32087 Vilamarín";"19.940"
"32003 Arnoia, A";"11.064"
"32004 Avión";"16.885"
"32010 Beade";"4.737"
"32018 Carballeda de Avia";"13.349"
"32022 Castrelo de Miño";"15.744"
"32025 Cenlle";"14.201"
"32027 Cortegada";"12.626"
"32040 Leiro";"17.040"
"32046 Melón";"12.588"
"32069 Ribadavia";"63.626"
"32023 Castro de Caldelas, O";"17.732"
"32049 Montederramo";"8.932"
"32057 Parada de Sil";"4.760"
"32080 Teixeira, A";"4.249"
"32014 Bola, A";"11.098"
"32020 Cartelle";"26.819"
"32024 Celanova";"75.151"
"32033 Gomesende";"7.684"
"32047 Merca, A";"22.883"
"32056 Padrenda";"16.678"
"32064 Pontedeva";"4.915"
"32066 Quintela de Leirado";"6.258"
"32068 Ramirás";"17.035"
"32084 Verea";"10.059"
"32029 Chandrexa de Queixa";"4.958"
"32044 Manzaneda";"9.725"
"32063 Pobra de Trives, A";"29.487"
"32070 San Xoán de Río";"6.120"
"32009 Barco de Valdeorras, O";"209.976"
"32015 Bolo, O";"10.962"
"32017 Carballeda de Valdeorras";"15.800"
"32038 Larouco";"6.159"
"32060 Petín";"11.422"
"32072 Rúa, A";"58.901"
"32073 Rubiá";"17.905"
"32083 Veiga, A";"11.938"
"32088 Vilamartín de Valdeorras";"22.220"
"32021 Castrelo do Val";"9.805"
"32028 Cualedro";"17.220"
"32039 Laza";"13.368"
"32050 Monterrei";"26.704"
"32053 Oímbra";"15.636"
"32071 Riós, O";"15.559"
"32085 Verín";"173.549"
"32091 Vilardevós";"18.957"
"32034 Gudiña, A";"14.977"
"32048 Mezquita, A";"11.682"
"32086 Viana do Bolo";"35.839"
"32092 Vilariño de Conso";"5.718"
"36023 Guarda, A";"130.818"
"36036 Oia";"39.754"
"36048 Rosal, O";"83.274"
"36054 Tomiño";"183.606"
"36055 Tui";"229.743"
"36005 Caldas de Reis";"125.992"
"36010 Catoira";"45.165"
"36015 Cuntis";"62.891"
"36032 Moraña";"51.799"
"36044 Pontecesures";"43.895"
"36040 Portas";"36.308"
"36056 Valga";"76.237"
"36030 Mondariz";"53.886"
"36031 Mondariz Balneario";"8.691"
"36034 Neves, As";"46.136"
"36042 Ponteareas";"304.056"
"36050 Salvaterra de Miño";"131.712"
"36020 Agolada";"29.005"
"36016 Dozón";"11.386"
"36024 Lalín";"260.939"
"36047 Rodeiro";"30.163"
"36052 Silleda";"118.985"
"36059 Vila de Cruces";"63.216"
"36004 Bueu";"167.522"
"36008 Cangas de Morrazo";"379.831"
"36026 Marín";"325.425"
"36029 Moaña";"277.988"
"36001 Arbo";"33.485"
"36009 Caniza, A";"59.996"
"36013 Covelo";"27.726"
"36014 Crecente";"21.392"
"36002 Barro";"50.416"
"36007 Campo Lameiro, O";"22.193"
"36902 Cerdedo Cotobade";"71.554"
"36012 Cotobade";"-"
"36025 Lama, A";"24.644"
"36041 Poio";"278.421"
"36043 Ponte Caldelas";"71.151"
"36038 Pontevedra";"1.425.262"
"36058 Vilaboa";"84.862"
"36006 Cambados";"199.861"
"36022 Grove, O";"144.106"
"36901 Illa de Arousa, A";"66.885"
"36027 Meaño";"67.577"
"36028 Meis";"62.114"
"36046 Ribadumia";"68.766"
"36051 Sanxenxo";"258.356"
"36060 Vilagarcía de Arousa";"534.429"
"36061 Vilanova de Arousa";"133.942"
"36011 Cerdedo";"-"
"36017 Estrada, A";"270.904"
"36018 Forcarei";"41.408"
"36003 Baiona";"208.477"
"36019 Fornelos de Montes";"19.759"
"36021 Gondomar";"229.777"
"36033 Mos";"208.660"
"36035 Nigrán";"338.714"
"36037 Pazos de Borbén";"37.012"
"36039 Porriño, O";"275.777"
"36045 Redondela";"434.110"
"36049 Salceda de Caselas";"130.479"
"36053 Soutomaior";"102.809"
"36057 Vigo";"4.906.172"
"2021";""
"15006 Arzúa";"86.677"
"15010 Boimorto";"23.403"
"15066 Pino, O";"66.887"
"15085 Touro";"44.505"
"15011 Boiro";"274.180"
"15067 Pobra do Caramiñal, A";"134.807"
"15072 Rianxo";"152.180"
"15073 Ribeira";"395.209"
"15007 Baña, A";"46.067"
"15056 Negreira";"98.403"
"15014 Cabana de Bergantiños";"56.921"
"15019 Carballo";"451.620"
"15029 Coristanco";"77.095"
"15041 Laracha, A";"167.045"
"15040 Laxe";"42.185"
"15043 Malpica de Bergantiños";"76.558"
"15068 Ponteceso";"75.290"
"15003 Aranga";"24.725"
"15009 Betanzos";"212.425"
"15026 Cesuras";"-"
"15027 Coirós";"28.888"
"15032 Curtis";"61.709"
"15039 Irixoa";"19.041"
"15048 Miño";"119.002"
"15063 Oza dos Ríos";"-"
"15902 Oza Cesuras";"77.587"
"15064 Paderne";"37.993"
"15091 Vilarmaior";"19.031"
"15090 Vilasantar";"17.523"
"15001 Abegondo";"88.384"
"15005 Arteixo";"510.690"
"15008 Bergondo";"120.394"
"15017 Cambre";"424.871"
"15021 Carral";"104.428"
"15030 Coruña, A";"4.883.966"
"15031 Culleredo";"545.155"
"15058 Oleiros";"850.710"
"15075 Sada";"288.049"
"15015 Cabanas";"54.793"
"15018 Capela, A";"18.805"
"15050 Monfero";"24.919"
"15069 Pontedeume";"114.338"
"15070 Pontes de García Rodríguez, As";"165.368"
"15004 Ares";"95.098"
"15022 Cedeira";"93.915"
"15035 Fene";"198.631"
"15036 Ferrol";"1.024.545"
"15049 Moeche";"16.586"
"15051 Mugardos";"78.657"
"15054 Narón";"586.431"
"15055 Neda";"78.481"
"15076 San Sadurniño";"40.501"
"15081 Somozas, As";"20.209"
"15087 Valdoviño";"107.044"
"15023 Cee";"107.928"
"15028 Corcubión";"25.435"
"15034 Dumbría";"37.385"
"15037 Fisterra";"61.451"
"15052 Muxía";"57.196"
"15020 Carnota";"51.677"
"15053 Muros";"112.155"
"15042 Lousame";"40.533"
"15057 Noia";"212.683"
"15062 Outes";"89.726"
"15071 Porto do Son, O";"130.562"
"15024 Cerceda";"75.976"
"15038 Frades";"30.765"
"15047 Mesía";"29.994"
"15059 Ordes";"177.653"
"15060 Oroso";"115.500"
"15084 Tordoia";"41.916"
"15086 Trazo";"41.885"
"15901 Cariño";"51.151"
"15025 Cerdido";"13.999"
"15044 Mañón";"17.282"
"15061 Ortigueira";"83.583"
"15002 Ames";"568.225"
"15012 Boqueixón";"68.207"
"15013 Brión";"134.982"
"15078 Santiago de Compostela";"1.943.811"
"15082 Teo";"360.948"
"15088 Val do Dubra";"58.767"
"15089 Vedra";"77.330"
"15033 Dodro";"38.557"
"15065 Padrón";"128.677"
"15074 Rois";"63.202"
"15046 Melide";"102.834"
"15079 Santiso";"18.582"
"15080 Sobrado";"22.880"
"15083 Toques";"11.606"
"15016 Camariñas";"63.113"
"15092 Vimianzo";"94.422"
"15093 Zas";"62.480"
"15045 Mazaricos";"49.805"
"15077 Santa Comba";"124.085"
"27901 Baralla";"32.095"
"27006 Becerreá";"35.356"
"27012 Cervantes";"14.239"
"27034 Navia de Suarna";"13.995"
"27037 Nogais, As";"11.436"
"27045 Pedrafita do Cebreiro";"11.090"
"27009 Carballedo";"27.082"
"27016 Chantada";"110.519"
"27060 Taboada";"34.859"
"27004 Baleira";"14.300"
"27018 Fonsagrada, A";"46.726"
"27035 Negueira de Muñiz";"1.804"
"27011 Castroverde";"33.057"
"27014 Corgo, O";"48.481"
"27020 Friol";"43.102"
"27023 Guntín";"30.732"
"27028 Lugo";"1.752.738"
"27039 Outeiro de Rei";"83.205"
"27049 Portomarín";"21.088"
"27056 Rábade";"20.475"
"27002 Alfoz do Castrodouro";"22.076"
"27902 Burela";"145.636"
"27019 Foz";"163.165"
"27027 Lourenzá";"28.631"
"27030 Mondoñedo";"49.359"
"27063 Valadouro, O";"26.044"
"27013 Cervo";"67.142"
"27038 Ourol";"10.853"
"27064 Vicedo, O";"23.518"
"27066 Viveiro";"238.071"
"27025 Xove";"46.460"
"27005 Barreiros";"45.855"
"27048 Pontenova, A";"30.423"
"27051 Ribadeo";"158.749"
"27061 Trabada";"14.415"
"27029 Meira";"26.825"
"27046 Pol";"20.658"
"27053 Ribeira de Piquín, A";"6.531"
"27054 Riotorto";"16.591"
"27017 Folgoso do Courel";"11.737"
"27050 Quiroga";"43.303"
"27052 Ribas de Sil";"11.495"
"27024 Incio, O";"18.585"
"27026 Láncara";"28.449"
"27042 Paradela";"18.914"
"27043 Páramo, O";"13.447"
"27055 Samos";"14.428"
"27057 Sarria";"190.175"
"27062 Triacastela";"6.707"
"27001 Abadín";"29.881"
"27007 Begonte";"38.613"
"27010 Castro de Rei";"66.791"
"27015 Cospeito";"55.612"
"27022 Guitiriz";"70.775"
"27033 Muras";"7.743"
"27044 Pastoriza";"37.180"
"27065 Vilalba";"204.912"
"27021 Xermade";"26.190"
"27008 Bóveda";"18.107"
"27031 Monforte de Lemos";"261.121"
"27041 Pantón";"29.188"
"27047 Pobra do Brollón, A";"21.080"
"27058 Saviñao, O";"43.149"
"27059 Sober";"24.391"
"27003 Antas de Ulla";"22.949"
"27032 Monterroso";"50.917"
"27040 Palas de Rei";"43.440"
"32001 Allariz";"95.559"
"32007 Baños de Molgas";"17.703"
"32043 Maceda";"36.781"
"32055 Paderne de Allariz";"16.775"
"32036 Xunqueira de Ambía";"15.805"
"32037 Xunqueira de Espadanedo";"8.975"
"32006 Bande";"18.245"
"32030 Entrimo";"14.728"
"32041 Lobeira";"7.789"
"32042 Lobios";"19.056"
"32051 Muíños";"13.573"
"32011 Beariz";"8.393"
"32013 Boborás";"22.496"
"32019 Carballiño, O";"194.858"
"32035 Irixo, O";"14.674"
"32045 Maside";"30.774"
"32061 Piñor";"13.346"
"32065 Punxín";"9.286"
"32074 San Amaro";"11.832"
"32076 San Cristovo de Cea";"23.460"
"32005 Baltar";"9.152"
"32012 Blancos, Os";"7.895"
"32016 Calvos de Randín";"7.967"
"32062 Porqueira";"7.886"
"32067 Rairiz de Veiga";"13.434"
"32077 Sandiás";"13.384"
"32078 Sarreaus";"11.899"
"32082 Trasmiras";"13.418"
"32089 Vilar de Barrio";"13.491"
"32090 Vilar de Santos";"9.268"
"32032 Xinzo de Limia";"136.071"
"32002 Amoeiro";"31.897"
"32008 Barbadás";"157.635"
"32026 Coles";"41.964"
"32031 Esgos";"13.151"
"32052 Nogueira de Ramuín";"27.329"
"32054 Ourense";"1.889.168"
"32058 Pereiro de Aguiar, O";"97.838"
"32059 Peroxa, A";"18.066"
"32075 San Cibrao das Viñas";"77.170"
"32079 Taboadela";"19.988"
"32081 Toén";"32.402"
"32087 Vilamarín";"20.739"
"32003 Arnoia, A";"11.704"
"32004 Avión";"17.065"
"32010 Beade";"4.560"
"32018 Carballeda de Avia";"13.351"
"32022 Castrelo de Miño";"16.242"
"32025 Cenlle";"14.495"
"32027 Cortegada";"12.801"
"32040 Leiro";"17.679"
"32046 Melón";"13.044"
"32069 Ribadavia";"66.393"
"32023 Castro de Caldelas, O";"17.138"
"32049 Montederramo";"8.289"
"32057 Parada de Sil";"4.808"
"32080 Teixeira, A";"3.990"
"32014 Bola, A";"11.107"
"32020 Cartelle";"26.889"
"32024 Celanova";"77.159"
"32033 Gomesende";"7.858"
"32047 Merca, A";"23.693"
"32056 Padrenda";"16.679"
"32064 Pontedeva";"4.870"
"32066 Quintela de Leirado";"6.251"
"32068 Ramirás";"17.214"
"32084 Verea";"10.459"
"32029 Chandrexa de Queixa";"5.057"
"32044 Manzaneda";"9.704"
"32063 Pobra de Trives, A";"30.796"
"32070 San Xoán de Río";"6.476"
"32009 Barco de Valdeorras, O";"208.669"
"32015 Bolo, O";"10.858"
"32017 Carballeda de Valdeorras";"15.743"
"32038 Larouco";"5.994"
"32060 Petín";"11.261"
"32072 Rúa, A";"61.217"
"32073 Rubiá";"17.931"
"32083 Veiga, A";"11.547"
"32088 Vilamartín de Valdeorras";"22.190"
"32021 Castrelo do Val";"10.140"
"32028 Cualedro";"17.583"
"32039 Laza";"13.556"
"32050 Monterrei";"26.860"
"32053 Oímbra";"15.684"
"32071 Riós, O";"15.731"
"32085 Verín";"182.029"
"32091 Vilardevós";"18.937"
"32034 Gudiña, A";"14.764"
"32048 Mezquita, A";"11.337"
"32086 Viana do Bolo";"36.660"
"32092 Vilariño de Conso";"5.932"
"36023 Guarda, A";"138.957"
"36036 Oia";"43.490"
"36048 Rosal, O";"89.784"
"36054 Tomiño";"192.531"
"36055 Tui";"245.732"
"36005 Caldas de Reis";"131.627"
"36010 Catoira";"47.367"
"36015 Cuntis";"65.938"
"36032 Moraña";"52.478"
"36044 Pontecesures";"46.332"
"36040 Portas";"37.753"
"36056 Valga";"76.330"
"36030 Mondariz";"56.594"
"36031 Mondariz Balneario";"10.043"
"36034 Neves, As";"48.075"
"36042 Ponteareas";"318.536"
"36050 Salvaterra de Miño";"139.393"
"36020 Agolada";"29.852"
"36016 Dozón";"11.034"
"36024 Lalín";"265.830"
"36047 Rodeiro";"30.467"
"36052 Silleda";"122.400"
"36059 Vila de Cruces";"64.824"
"36004 Bueu";"176.937"
"36008 Cangas de Morrazo";"409.390"
"36026 Marín";"336.136"
"36029 Moaña";"297.742"
"36001 Arbo";"35.225"
"36009 Caniza, A";"62.865"
"36013 Covelo";"29.438"
"36014 Crecente";"22.785"
"36002 Barro";"52.962"
"36007 Campo Lameiro, O";"22.809"
"36902 Cerdedo Cotobade";"72.688"
"36012 Cotobade";"-"
"36025 Lama, A";"24.791"
"36041 Poio";"295.813"
"36043 Ponte Caldelas";"74.179"
"36038 Pontevedra";"1.474.360"
"36058 Vilaboa";"87.428"
"36006 Cambados";"204.189"
"36022 Grove, O";"158.538"
"36901 Illa de Arousa, A";"71.123"
"36027 Meaño";"72.557"
"36028 Meis";"63.227"
"36046 Ribadumia";"73.053"
"36051 Sanxenxo";"284.697"
"36060 Vilagarcía de Arousa";"545.444"
"36061 Vilanova de Arousa";"140.060"
"36011 Cerdedo";"-"
"36017 Estrada, A";"283.171"
"36018 Forcarei";"40.136"
"36003 Baiona";"217.191"
"36019 Fornelos de Montes";"20.563"
"36021 Gondomar";"238.210"
"36033 Mos";"215.261"
"36035 Nigrán";"341.276"
"36037 Pazos de Borbén";"39.493"
"36039 Porriño, O";"288.564"
"36045 Redondela";"442.003"
"36049 Salceda de Caselas";"136.202"
"36053 Soutomaior";"107.286"
"36057 Vigo";"5.018.820"
"2022";""
"15006 Arzúa";"96.277"
"15010 Boimorto";"24.999"
"15066 Pino, O";"71.128"
"15085 Touro";"48.393"
"15011 Boiro";"302.979"
"15067 Pobra do Caramiñal, A";"144.759"
"15072 Rianxo";"164.041"
"15073 Ribeira";"408.607"
"15007 Baña, A";"50.525"
"15056 Negreira";"106.255"
"15014 Cabana de Bergantiños";"61.849"
"15019 Carballo";"487.216"
"15029 Coristanco";"83.262"
"15041 Laracha, A";"183.521"
"15040 Laxe";"45.905"
"15043 Malpica de Bergantiños";"82.675"
"15068 Ponteceso";"83.193"
"15003 Aranga";"27.520"
"15009 Betanzos";"226.727"
"15026 Cesuras";"-"
"15027 Coirós";"31.706"
"15032 Curtis";"66.233"
"15039 Irixoa";"21.219"
"15048 Miño";"129.391"
"15063 Oza dos Ríos";"-"
"15902 Oza Cesuras";"84.894"
"15064 Paderne";"41.037"
"15091 Vilarmaior";"21.652"
"15090 Vilasantar";"19.177"
"15001 Abegondo";"98.004"
"15005 Arteixo";"557.647"
"15008 Bergondo";"139.412"
"15017 Cambre";"457.629"
"15021 Carral";"117.831"
"15030 Coruña, A";"5.362.351"
"15031 Culleredo";"582.246"
"15058 Oleiros";"978.905"
"15075 Sada";"311.172"
"15015 Cabanas";"59.313"
"15018 Capela, A";"20.410"
"15050 Monfero";"28.394"
"15069 Pontedeume";"124.403"
"15070 Pontes de García Rodríguez, As";"176.274"
"15004 Ares";"103.995"
"15022 Cedeira";"97.991"
"15035 Fene";"208.956"
"15036 Ferrol";"1.091.147"
"15049 Moeche";"17.842"
"15051 Mugardos";"86.187"
"15054 Narón";"626.377"
"15055 Neda";"83.180"
"15076 San Sadurniño";"44.362"
"15081 Somozas, As";"16.404"
"15087 Valdoviño";"114.977"
"15023 Cee";"115.785"
"15028 Corcubión";"27.861"
"15034 Dumbría";"40.444"
"15037 Fisterra";"67.998"
"15052 Muxía";"61.875"
"15020 Carnota";"54.551"
"15053 Muros";"119.399"
"15042 Lousame";"43.698"
"15057 Noia";"225.314"
"15062 Outes";"94.519"
"15071 Porto do Son, O";"138.126"
"15024 Cerceda";"81.741"
"15038 Frades";"33.943"
"15047 Mesía";"33.136"
"15059 Ordes";"197.382"
"15060 Oroso";"125.840"
"15084 Tordoia";"46.269"
"15086 Trazo";"45.557"
"15901 Cariño";"53.060"
"15025 Cerdido";"14.192"
"15044 Mañón";"18.356"
"15061 Ortigueira";"90.353"
"15002 Ames";"618.194"
"15012 Boqueixón";"71.536"
"15013 Brión";"149.621"
"15078 Santiago de Compostela";"2.124.718"
"15082 Teo";"375.870"
"15088 Val do Dubra";"64.065"
"15089 Vedra";"84.871"
"15033 Dodro";"41.773"
"15065 Padrón";"138.552"
"15074 Rois";"68.017"
"15046 Melide";"112.933"
"15079 Santiso";"20.795"
"15080 Sobrado";"23.714"
"15083 Toques";"12.159"
"15016 Camariñas";"69.604"
"15092 Vimianzo";"105.985"
"15093 Zas";"67.619"
"15045 Mazaricos";"55.267"
"15077 Santa Comba";"136.288"
"27901 Baralla";"34.386"
"27006 Becerreá";"38.216"
"27012 Cervantes";"15.157"
"27034 Navia de Suarna";"14.667"
"27037 Nogais, As";"12.052"
"27045 Pedrafita do Cebreiro";"11.537"
"27009 Carballedo";"28.801"
"27016 Chantada";"118.538"
"27060 Taboada";"38.572"
"27004 Baleira";"15.839"
"27018 Fonsagrada, A";"49.837"
"27035 Negueira de Muñiz";"1.806"
"27011 Castroverde";"37.713"
"27014 Corgo, O";"64.162"
"27020 Friol";"48.161"
"27023 Guntín";"34.561"
"27028 Lugo";"1.874.631"
"27039 Outeiro de Rei";"89.826"
"27049 Portomarín";"24.528"
"27056 Rábade";"22.524"
"27002 Alfoz do Castrodouro";"23.327"
"27902 Burela";"155.705"
"27019 Foz";"176.746"
"27027 Lourenzá";"31.929"
"27030 Mondoñedo";"53.146"
"27063 Valadouro, O";"28.624"
"27013 Cervo";"71.639"
"27038 Ourol";"11.499"
"27064 Vicedo, O";"25.009"
"27066 Viveiro";"254.854"
"27025 Xove";"49.966"
"27005 Barreiros";"51.385"
"27048 Pontenova, A";"34.116"
"27051 Ribadeo";"173.276"
"27061 Trabada";"15.703"
"27029 Meira";"29.330"
"27046 Pol";"24.946"
"27053 Ribeira de Piquín, A";"6.407"
"27054 Riotorto";"18.607"
"27017 Folgoso do Courel";"12.028"
"27050 Quiroga";"45.068"
"27052 Ribas de Sil";"11.857"
"27024 Incio, O";"19.460"
"27026 Láncara";"31.913"
"27042 Paradela";"20.981"
"27043 Páramo, O";"16.183"
"27055 Samos";"15.517"
"27057 Sarria";"211.224"
"27062 Triacastela";"7.567"
"27001 Abadín";"32.945"
"27007 Begonte";"42.300"
"27010 Castro de Rei";"73.635"
"27015 Cospeito";"61.878"
"27022 Guitiriz";"76.956"
"27033 Muras";"8.075"
"27044 Pastoriza";"40.871"
"27065 Vilalba";"221.585"
"27021 Xermade";"28.475"
"27008 Bóveda";"19.451"
"27031 Monforte de Lemos";"281.642"
"27041 Pantón";"30.305"
"27047 Pobra do Brollón, A";"23.193"
"27058 Saviñao, O";"47.468"
"27059 Sober";"27.009"
"27003 Antas de Ulla";"25.553"
"27032 Monterroso";"54.969"
"27040 Palas de Rei";"48.610"
"32001 Allariz";"103.205"
"32007 Baños de Molgas";"19.186"
"32043 Maceda";"39.419"
"32055 Paderne de Allariz";"18.387"
"32036 Xunqueira de Ambía";"17.032"
"32037 Xunqueira de Espadanedo";"9.197"
"32006 Bande";"19.843"
"32030 Entrimo";"13.233"
"32041 Lobeira";"7.748"
"32042 Lobios";"21.736"
"32051 Muíños";"15.065"
"32011 Beariz";"8.971"
"32013 Boborás";"24.141"
"32019 Carballiño, O";"209.381"
"32035 Irixo, O";"15.841"
"32045 Maside";"32.730"
"32061 Piñor";"14.190"
"32065 Punxín";"9.736"
"32074 San Amaro";"13.805"
"32076 San Cristovo de Cea";"25.381"
"32005 Baltar";"9.752"
"32012 Blancos, Os";"8.356"
"32016 Calvos de Randín";"8.298"
"32062 Porqueira";"8.371"
"32067 Rairiz de Veiga";"14.744"
"32077 Sandiás";"15.443"
"32078 Sarreaus";"13.616"
"32082 Trasmiras";"14.382"
"32089 Vilar de Barrio";"15.483"
"32090 Vilar de Santos";"10.771"
"32032 Xinzo de Limia";"147.283"
"32002 Amoeiro";"34.407"
"32008 Barbadás";"167.843"
"32026 Coles";"45.883"
"32031 Esgos";"14.052"
"32052 Nogueira de Ramuín";"28.692"
"32054 Ourense";"2.024.512"
"32058 Pereiro de Aguiar, O";"107.514"
"32059 Peroxa, A";"18.533"
"32075 San Cibrao das Viñas";"82.270"
"32079 Taboadela";"21.996"
"32081 Toén";"33.947"
"32087 Vilamarín";"23.100"
"32003 Arnoia, A";"12.823"
"32004 Avión";"19.090"
"32010 Beade";"5.466"
"32018 Carballeda de Avia";"14.340"
"32022 Castrelo de Miño";"16.891"
"32025 Cenlle";"15.352"
"32027 Cortegada";"12.905"
"32040 Leiro";"19.087"
"32046 Melón";"14.063"
"32069 Ribadavia";"71.294"
"32023 Castro de Caldelas, O";"18.919"
"32049 Montederramo";"8.962"
"32057 Parada de Sil";"5.229"
"32080 Teixeira, A";"4.402"
"32014 Bola, A";"12.007"
"32020 Cartelle";"28.740"
"32024 Celanova";"83.988"
"32033 Gomesende";"8.243"
"32047 Merca, A";"25.920"
"32056 Padrenda";"18.468"
"32064 Pontedeva";"5.129"
"32066 Quintela de Leirado";"6.717"
"32068 Ramirás";"18.037"
"32084 Verea";"10.821"
"32029 Chandrexa de Queixa";"5.494"
"32044 Manzaneda";"10.265"
"32063 Pobra de Trives, A";"33.703"
"32070 San Xoán de Río";"7.073"
"32009 Barco de Valdeorras, O";"221.222"
"32015 Bolo, O";"11.724"
"32017 Carballeda de Valdeorras";"16.321"
"32038 Larouco";"6.664"
"32060 Petín";"12.337"
"32072 Rúa, A";"64.598"
"32073 Rubiá";"19.259"
"32083 Veiga, A";"12.894"
"32088 Vilamartín de Valdeorras";"24.899"
"32021 Castrelo do Val";"11.111"
"32028 Cualedro";"18.892"
"32039 Laza";"14.359"
"32050 Monterrei";"29.333"
"32053 Oímbra";"16.941"
"32071 Riós, O";"16.581"
"32085 Verín";"193.709"
"32091 Vilardevós";"20.022"
"32034 Gudiña, A";"15.346"
"32048 Mezquita, A";"12.307"
"32086 Viana do Bolo";"38.940"
"32092 Vilariño de Conso";"6.198"
"36023 Guarda, A";"150.721"
"36036 Oia";"46.902"
"36048 Rosal, O";"96.584"
"36054 Tomiño";"206.409"
"36055 Tui";"258.737"
"36005 Caldas de Reis";"142.023"
"36010 Catoira";"50.707"
"36015 Cuntis";"70.264"
"36032 Moraña";"58.035"
"36044 Pontecesures";"50.344"
"36040 Portas";"39.958"
"36056 Valga";"82.896"
"36030 Mondariz";"61.528"
"36031 Mondariz Balneario";"10.567"
"36034 Neves, As";"51.291"
"36042 Ponteareas";"341.183"
"36050 Salvaterra de Miño";"148.417"
"36020 Agolada";"32.707"
"36016 Dozón";"11.314"
"36024 Lalín";"285.920"
"36047 Rodeiro";"33.969"
"36052 Silleda";"132.159"
"36059 Vila de Cruces";"69.967"
"36004 Bueu";"194.890"
"36008 Cangas de Morrazo";"440.205"
"36026 Marín";"364.594"
"36029 Moaña";"319.595"
"36001 Arbo";"38.975"
"36009 Caniza, A";"68.356"
"36013 Covelo";"31.978"
"36014 Crecente";"24.547"
"36002 Barro";"59.003"
"36007 Campo Lameiro, O";"24.710"
"36902 Cerdedo Cotobade";"78.251"
"36012 Cotobade";"-"
"36025 Lama, A";"27.498"
"36041 Poio";"316.347"
"36043 Ponte Caldelas";"79.925"
"36038 Pontevedra";"1.576.760"
"36058 Vilaboa";"92.557"
"36006 Cambados";"219.146"
"36022 Grove, O";"166.387"
"36901 Illa de Arousa, A";"70.503"
"36027 Meaño";"80.067"
"36028 Meis";"68.231"
"36046 Ribadumia";"80.266"
"36051 Sanxenxo";"303.921"
"36060 Vilagarcía de Arousa";"587.434"
"36061 Vilanova de Arousa";"147.808"
"36011 Cerdedo";"-"
"36017 Estrada, A";"302.173"
"36018 Forcarei";"42.911"
"36003 Baiona";"231.090"
"36019 Fornelos de Montes";"21.713"
"36021 Gondomar";"256.072"
"36033 Mos";"232.163"
"36035 Nigrán";"373.012"
"36037 Pazos de Borbén";"41.849"
"36039 Porriño, O";"309.685"
"36045 Redondela";"473.420"
"36049 Salceda de Caselas";"143.889"
"36053 Soutomaior";"115.289"
"36057 Vigo";"5.411.414"
"2023";""
"15006 Arzúa";"107.243"
"15010 Boimorto";"29.429"
"15066 Pino, O";"79.337"
"15085 Touro";"54.269"
"15011 Boiro";"317.471"
"15067 Pobra do Caramiñal, A";"158.933"
"15072 Rianxo";"176.670"
"15073 Ribeira";"431.366"
"15007 Baña, A";"54.415"
"15056 Negreira";"118.146"
"15014 Cabana de Bergantiños";"70.384"
"15019 Carballo";"545.939"
"15029 Coristanco";"93.032"
"15041 Laracha, A";"203.873"
"15040 Laxe";"51.413"
"15043 Malpica de Bergantiños";"90.780"
"15068 Ponteceso";"92.665"
"15003 Aranga";"31.290"
"15009 Betanzos";"248.083"
"15026 Cesuras";""
"15027 Coirós";"35.379"
"15032 Curtis";"73.268"
"15039 Irixoa";"24.261"
"15048 Miño";"142.426"
"15063 Oza dos Ríos";""
"15902 Oza Cesuras";"91.684"
"15064 Paderne";"45.113"
"15091 Vilarmaior";"23.710"
"15090 Vilasantar";"21.624"
"15001 Abegondo";"109.894"
"15005 Arteixo";"604.404"
"15008 Bergondo";"159.034"
"15017 Cambre";"495.962"
"15021 Carral";"130.397"
"15030 Coruña, A";"6.039.341"
"15031 Culleredo";"640.416"
"15058 Oleiros";"1.169.889"
"15075 Sada";"340.614"
"15015 Cabanas";"64.027"
"15018 Capela, A";"22.090"
"15050 Monfero";"32.163"
"15069 Pontedeume";"133.385"
"15070 Pontes de García Rodríguez, As";"188.362"
"15004 Ares";"112.388"
"15022 Cedeira";"105.369"
"15035 Fene";"222.391"
"15036 Ferrol";"1.177.202"
"15049 Moeche";"19.459"
"15051 Mugardos";"94.522"
"15054 Narón";"674.966"
"15055 Neda";"88.595"
"15076 San Sadurniño";"47.353"
"15081 Somozas, As";"17.599"
"15087 Valdoviño";"124.231"
"15023 Cee";"126.444"
"15028 Corcubión";"30.536"
"15034 Dumbría";"43.028"
"15037 Fisterra";"75.790"
"15052 Muxía";"68.536"
"15020 Carnota";"60.298"
"15053 Muros";"126.255"
"15042 Lousame";"46.920"
"15057 Noia";"232.894"
"15062 Outes";"97.606"
"15071 Porto do Son, O";"147.239"
"15024 Cerceda";"88.700"
"15038 Frades";"38.437"
"15047 Mesía";"37.563"
"15059 Ordes";"216.219"
"15060 Oroso";"139.958"
"15084 Tordoia";"53.579"
"15086 Trazo";"50.773"
"15901 Cariño";"56.246"
"15025 Cerdido";"15.784"
"15044 Mañón";"20.249"
"15061 Ortigueira";"98.824"
"15002 Ames";"673.768"
"15012 Boqueixón";"78.186"
"15013 Brión";"161.302"
"15078 Santiago de Compostela";"2.344.340"
"15082 Teo";"406.430"
"15088 Val do Dubra";"69.813"
"15089 Vedra";"92.859"
"15033 Dodro";"44.233"
"15065 Padrón";"143.003"
"15074 Rois";"74.375"
"15046 Melide";"125.986"
"15079 Santiso";"23.463"
"15080 Sobrado";"28.697"
"15083 Toques";"15.133"
"15016 Camariñas";"77.402"
"15092 Vimianzo";"114.908"
"15093 Zas";"76.555"
"15045 Mazaricos";"62.165"
"15077 Santa Comba";"151.526"
"27901 Baralla";"37.480"
"27006 Becerreá";"42.424"
"27012 Cervantes";"16.388"
"27034 Navia de Suarna";"15.978"
"27037 Nogais, As";"13.105"
"27045 Pedrafita do Cebreiro";"12.812"
"27009 Carballedo";"33.487"
"27016 Chantada";"138.451"
"27060 Taboada";"42.694"
"27004 Baleira";"17.847"
"27018 Fonsagrada, A";"52.994"
"27035 Negueira de Muñiz";"2.087"
"27011 Castroverde";"43.034"
"27014 Corgo, O";"63.028"
"27020 Friol";"53.839"
"27023 Guntín";"38.104"
"27028 Lugo";"2.070.314"
"27039 Outeiro de Rei";"100.442"
"27049 Portomarín";"27.585"
"27056 Rábade";"24.882"
"27002 Alfoz do Castrodouro";"25.558"
"27902 Burela";"167.997"
"27019 Foz";"194.299"
"27027 Lourenzá";"34.439"
"27030 Mondoñedo";"58.463"
"27063 Valadouro, O";"31.075"
"27013 Cervo";"77.535"
"27038 Ourol";"12.948"
"27064 Vicedo, O";"27.072"
"27066 Viveiro";"276.174"
"27025 Xove";"54.345"
"27005 Barreiros";"57.214"
"27048 Pontenova, A";"36.022"
"27051 Ribadeo";"193.530"
"27061 Trabada";"17.645"
"27029 Meira";"34.002"
"27046 Pol";"27.780"
"27053 Ribeira de Piquín, A";"6.788"
"27054 Riotorto";"19.737"
"27017 Folgoso do Courel";"13.020"
"27050 Quiroga";"50.259"
"27052 Ribas de Sil";"12.851"
"27024 Incio, O";"22.241"
"27026 Láncara";"35.436"
"27042 Paradela";"22.675"
"27043 Páramo, O";"18.192"
"27055 Samos";"17.207"
"27057 Sarria";"239.069"
"27062 Triacastela";"9.206"
"27001 Abadín";"37.165"
"27007 Begonte";"46.194"
"27010 Castro de Rei";"82.691"
"27015 Cospeito";"68.405"
"27022 Guitiriz";"86.432"
"27033 Muras";"9.212"
"27044 Pastoriza";"46.768"
"27065 Vilalba";"247.828"
"27021 Xermade";"30.755"
"27008 Bóveda";"21.077"
"27031 Monforte de Lemos";"311.926"
"27041 Pantón";"33.722"
"27047 Pobra do Brollón, A";"25.460"
"27058 Saviñao, O";"53.318"
"27059 Sober";"28.408"
"27003 Antas de Ulla";"29.412"
"27032 Monterroso";"62.365"
"27040 Palas de Rei";"54.977"
"32001 Allariz";"121.101"
"32007 Baños de Molgas";"21.595"
"32043 Maceda";"48.141"
"32055 Paderne de Allariz";"20.980"
"32036 Xunqueira de Ambía";"18.638"
"32037 Xunqueira de Espadanedo";"10.185"
"32006 Bande";"21.664"
"32030 Entrimo";"14.223"
"32041 Lobeira";"8.325"
"32042 Lobios";"23.159"
"32051 Muíños";"15.967"
"32011 Beariz";"11.315"
"32013 Boborás";"26.459"
"32019 Carballiño, O";"245.665"
"32035 Irixo, O";"17.391"
"32045 Maside";"37.769"
"32061 Piñor";"16.830"
"32065 Punxín";"10.462"
"32074 San Amaro";"15.744"
"32076 San Cristovo de Cea";"28.025"
"32005 Baltar";"11.175"
"32012 Blancos, Os";"8.914"
"32016 Calvos de Randín";"8.389"
"32062 Porqueira";"9.526"
"32067 Rairiz de Veiga";"17.387"
"32077 Sandiás";"18.219"
"32078 Sarreaus";"14.832"
"32082 Trasmiras";"15.676"
"32089 Vilar de Barrio";"16.923"
"32090 Vilar de Santos";"12.534"
"32032 Xinzo de Limia";"164.938"
"32002 Amoeiro";"37.485"
"32008 Barbadás";"185.255"
"32026 Coles";"51.500"
"32031 Esgos";"16.229"
"32052 Nogueira de Ramuín";"30.996"
"32054 Ourense";"2.248.723"
"32058 Pereiro de Aguiar, O";"113.422"
"32059 Peroxa, A";"21.235"
"32075 San Cibrao das Viñas";"91.319"
"32079 Taboadela";"25.278"
"32081 Toén";"37.178"
"32087 Vilamarín";"26.014"
"32003 Arnoia, A";"13.966"
"32004 Avión";"21.027"
"32010 Beade";"6.240"
"32018 Carballeda de Avia";"16.905"
"32022 Castrelo de Miño";"19.330"
"32025 Cenlle";"17.885"
"32027 Cortegada";"14.664"
"32040 Leiro";"20.858"
"32046 Melón";"15.676"
"32069 Ribadavia";"77.436"
"32023 Castro de Caldelas, O";"20.258"
"32049 Montederramo";"9.995"
"32057 Parada de Sil";"6.012"
"32080 Teixeira, A";"4.592"
"32014 Bola, A";"13.693"
"32020 Cartelle";"33.115"
"32024 Celanova";"95.917"
"32033 Gomesende";"9.268"
"32047 Merca, A";"28.334"
"32056 Padrenda";"20.657"
"32064 Pontedeva";"5.641"
"32066 Quintela de Leirado";"7.417"
"32068 Ramirás";"20.693"
"32084 Verea";"12.235"
"32029 Chandrexa de Queixa";"5.959"
"32044 Manzaneda";"11.535"
"32063 Pobra de Trives, A";"36.856"
"32070 San Xoán de Río";"7.983"
"32009 Barco de Valdeorras, O";"244.129"
"32015 Bolo, O";"12.706"
"32017 Carballeda de Valdeorras";"17.510"
"32038 Larouco";"7.070"
"32060 Petín";"13.152"
"32072 Rúa, A";"69.632"
"32073 Rubiá";"20.441"
"32083 Veiga, A";"14.488"
"32088 Vilamartín de Valdeorras";"27.346"
"32021 Castrelo do Val";"12.079"
"32028 Cualedro";"20.368"
"32039 Laza";"15.401"
"32050 Monterrei";"32.291"
"32053 Oímbra";"18.885"
"32071 Riós, O";"18.373"
"32085 Verín";"217.815"
"32091 Vilardevós";"22.379"
"32034 Gudiña, A";"17.217"
"32048 Mezquita, A";"13.608"
"32086 Viana do Bolo";"43.163"
"32092 Vilariño de Conso";"7.175"
"36023 Guarda, A";"165.074"
"36036 Oia";"50.756"
"36048 Rosal, O";"106.068"
"36054 Tomiño";"218.895"
"36055 Tui";"283.173"
"36005 Caldas de Reis";"155.114"
"36010 Catoira";"52.921"
"36015 Cuntis";"75.166"
"36032 Moraña";"61.723"
"36044 Pontecesures";"53.092"
"36040 Portas";"44.842"
"36056 Valga";"88.403"
"36030 Mondariz";"67.979"
"36031 Mondariz Balneario";"11.525"
"36034 Neves, As";"56.336"
"36042 Ponteareas";"371.793"
"36050 Salvaterra de Miño";"161.966"
"36020 Agolada";"36.546"
"36016 Dozón";"13.812"
"36024 Lalín";"322.453"
"36047 Rodeiro";"38.993"
"36052 Silleda";"155.692"
"36059 Vila de Cruces";"78.536"
"36004 Bueu";"208.029"
"36008 Cangas de Morrazo";"470.475"
"36026 Marín";"387.669"
"36029 Moaña";"342.545"
"36001 Arbo";"41.244"
"36009 Caniza, A";"75.367"
"36013 Covelo";"34.720"
"36014 Crecente";"26.209"
"36002 Barro";"65.017"
"36007 Campo Lameiro, O";"27.542"
"36902 Cerdedo Cotobade";"85.266"
"36012 Cotobade";""
"36025 Lama, A";"29.419"
"36041 Poio";"346.151"
"36043 Ponte Caldelas";"87.801"
"36038 Pontevedra";"1.730.863"
"36058 Vilaboa";"98.132"
"36006 Cambados";"241.581"
"36022 Grove, O";"185.300"
"36901 Illa de Arousa, A";"76.875"
"36027 Meaño";"87.866"
"36028 Meis";"73.815"
"36046 Ribadumia";"85.359"
"36051 Sanxenxo";"328.877"
"36060 Vilagarcía de Arousa";"636.592"
"36061 Vilanova de Arousa";"159.302"
"36011 Cerdedo";""
"36017 Estrada, A";"338.801"
"36018 Forcarei";"50.242"
"36003 Baiona";"252.332"
"36019 Fornelos de Montes";"23.571"
"36021 Gondomar";"275.589"
"36033 Mos";"249.799"
"36035 Nigrán";"417.706"
"36037 Pazos de Borbén";"45.543"
"36039 Porriño, O";"337.484"
"36045 Redondela";"513.365"
"36049 Salceda de Caselas";"155.984"
"36053 Soutomaior";"124.095"
"36057 Vigo";"5.906.634"
"";""
"Fonte: IGE. Renda municipal dos fogares. Revisión estatística 2024";""
"Notas: Os datos de 2023 son provisionais e os de 2024 son avance";""
"(-) Non procede";""
"(20-03-2026)";""

"IGE - Instituto Galego de Estatística"